site_id,site_name,issue_date,is_active
ISO_SITE_1637095,Charoen Pokphand Bandung,2025-09-03,TRUE
ISO_SITE_1637095,Charoen Pokphand Bandung,2025-08-25,TRUE
ISO_SITE_1637095,Charoen Pokphand Bandung,2025-08-26,TRUE
ISO_SITE_1637816,Charoen Pokphand Madiun,2025-10-09,TRUE
ISO_SITE_1637816,Charoen Pokphand Madiun,2025-10-19,TRUE
ISO_SITE_1637816,Charoen Pokphand Madiun,2025-10-28,TRUE
ISO_SITE_1637816,Charoen Pokphand Madiun,2025-09-01,TRUE
ISO_SITE_1637816,Charoen Pokphand Madiun,2025-09-02,TRUE
ISO_SITE_1637816,Charoen Pokphand Madiun,2025-09-03,TRUE
ISO_SITE_1637816,Charoen Pokphand Madiun,2025-09-04,TRUE
ISO_SITE_1637816,Charoen Pokphand Madiun,2025-09-05,TRUE
ISO_SITE_1637816,Charoen Pokphand Madiun,2025-09-24,TRUE
ISO_SITE_1637816,Charoen Pokphand Madiun,2025-09-28,TRUE
ISO_SITE_1614122,Charoen Pokphand Majalengka,2025-10-01,TRUE
ISO_SITE_1614122,Charoen Pokphand Majalengka,2025-10-02,TRUE
ISO_SITE_1614122,Charoen Pokphand Majalengka,2025-09-08,TRUE
ISO_SITE_1614122,Charoen Pokphand Majalengka,2025-08-05,TRUE
ISO_SITE_1614122,Charoen Pokphand Majalengka,2025-08-06,TRUE
ISO_SITE_1614122,Charoen Pokphand Majalengka,2025-08-07,TRUE
ISO_SITE_1614122,Charoen Pokphand Majalengka,2025-08-08,TRUE
ISO_SITE_1614122,Charoen Pokphand Majalengka,2025-08-09,TRUE
ISO_SITE_1614122,Charoen Pokphand Majalengka,2025-08-10,TRUE
ISO_SITE_1445767,Garuda Metalindo (IKP),2025-10-03,TRUE
ISO_SITE_1445767,Garuda Metalindo (IKP),2025-09-27,TRUE
ISO_SITE_1445767,Garuda Metalindo (IKP),2025-09-28,TRUE
ISO_SITE_1445767,Garuda Metalindo (IKP),2025-08-27,TRUE
ISO_SITE_1445767,Garuda Metalindo (IKP),2025-08-28,TRUE
ISO_SITE_1458125,Garuda Metalindo 1,2025-11-09,TRUE
ISO_SITE_1458125,Garuda Metalindo 1,2025-11-10,TRUE
ISO_SITE_1458125,Garuda Metalindo 1,2025-11-11,TRUE
ISO_SITE_1458125,Garuda Metalindo 1,2025-11-12,TRUE
ISO_SITE_1458125,Garuda Metalindo 1,2025-11-13,TRUE
ISO_SITE_1458125,Garuda Metalindo 1,2025-09-10,TRUE
ISO_SITE_1458125,Garuda Metalindo 1,2025-08-24,TRUE
ISO_SITE_1458125,Garuda Metalindo 1,2025-07-24,TRUE
ISO_SITE_1628909,PLTS Frina Lestari Nusantara,2025-11-04,TRUE
ISO_SITE_1628909,PLTS Frina Lestari Nusantara,2025-08-01,TRUE
ISO_SITE_1628909,PLTS Frina Lestari Nusantara,2025-08-02,TRUE
ISO_SITE_1628909,PLTS Frina Lestari Nusantara,2025-08-03,TRUE
ISO_SITE_1628909,PLTS Frina Lestari Nusantara,2025-08-04,TRUE
ISO_SITE_1628909,PLTS Frina Lestari Nusantara,2025-08-05,TRUE
ISO_SITE_1628909,PLTS Frina Lestari Nusantara,2025-08-06,TRUE
ISO_SITE_1628909,PLTS Frina Lestari Nusantara,2025-08-07,TRUE
ISO_SITE_1628909,PLTS Frina Lestari Nusantara,2025-08-08,TRUE
ISO_SITE_1628909,PLTS Frina Lestari Nusantara,2025-08-09,TRUE
ISO_SITE_1628909,PLTS Frina Lestari Nusantara,2025-08-10,TRUE
ISO_SITE_1628909,PLTS Frina Lestari Nusantara,2025-08-14,TRUE
ISO_SITE_1628909,PLTS Frina Lestari Nusantara,2025-08-15,TRUE
ISO_SITE_1628909,PLTS Frina Lestari Nusantara,2025-08-25,TRUE
FS_SITE_NE=53771627,PLTS Mall Panakkukang,2025-11-09,TRUE
FS_SITE_NE=53771627,PLTS Mall Panakkukang,2025-10-12,TRUE
FS_SITE_NE=53771627,PLTS Mall Panakkukang,2025-10-13,TRUE
FS_SITE_NE=53771627,PLTS Mall Panakkukang,2025-06-08,TRUE
FS_SITE_NE=53771627,PLTS Mall Panakkukang,2025-06-09,TRUE
FS_SITE_NE=53771627,PLTS Mall Panakkukang,2025-06-10,TRUE
FS_SITE_NE=53771627,PLTS Mall Panakkukang,2025-06-11,TRUE
FS_SITE_NE=53771627,PLTS Mall Panakkukang,2025-06-12,TRUE
FS_SITE_NE=53771627,PLTS Mall Panakkukang,2025-06-13,TRUE
FS_SITE_NE=53771627,PLTS Mall Panakkukang,2025-06-14,TRUE
FS_SITE_NE=53771627,PLTS Mall Panakkukang,2025-06-15,TRUE
FS_SITE_NE=53771627,PLTS Mall Panakkukang,2025-06-16,TRUE
FS_SITE_NE=53771627,PLTS Mall Panakkukang,2025-06-17,TRUE
FS_SITE_NE=50488260,PT. MMKI 1.75 MWp - Painting Building,2025-10-02,TRUE
FS_SITE_NE=50488260,PT. MMKI 1.75 MWp - Painting Building,2025-10-05,TRUE
FS_SITE_NE=50488260,PT. MMKI 1.75 MWp - Painting Building,2025-10-08,TRUE
FS_SITE_NE=50488260,PT. MMKI 1.75 MWp - Painting Building,2025-10-09,TRUE
FS_SITE_NE=50488260,PT. MMKI 1.75 MWp - Painting Building,2025-10-11,TRUE
FS_SITE_NE=50488260,PT. MMKI 1.75 MWp - Painting Building,2025-10-17,TRUE
FS_SITE_NE=50488260,PT. MMKI 1.75 MWp - Painting Building,2025-10-22,TRUE
FS_SITE_NE=50488260,PT. MMKI 1.75 MWp - Painting Building,2025-10-23,TRUE
FS_SITE_NE=50488260,PT. MMKI 1.75 MWp - Painting Building,2025-10-24,TRUE
FS_SITE_NE=50488260,PT. MMKI 1.75 MWp - Painting Building,2025-10-25,TRUE
FS_SITE_NE=50488260,PT. MMKI 1.75 MWp - Painting Building,2025-10-26,TRUE
FS_SITE_NE=50488260,PT. MMKI 1.75 MWp - Painting Building,2025-10-27,TRUE
FS_SITE_NE=50488260,PT. MMKI 1.75 MWp - Painting Building,2025-10-30,TRUE
FS_SITE_NE=50488260,PT. MMKI 1.75 MWp - Painting Building,2025-10-31,TRUE
FS_SITE_NE=50488260,PT. MMKI 1.75 MWp - Painting Building,2025-09-08,TRUE
FS_SITE_NE=50488260,PT. MMKI 1.75 MWp - Painting Building,2025-09-09,TRUE
FS_SITE_NE=50488260,PT. MMKI 1.75 MWp - Painting Building,2025-08-10,TRUE
FS_SITE_NE=50488260,PT. MMKI 1.75 MWp - Painting Building,2025-07-15,TRUE
FS_SITE_NE=50488260,PT. MMKI 1.75 MWp - Painting Building,2025-06-27,TRUE
FS_SITE_NE=50488260,PT. MMKI 1.75 MWp - Painting Building,2025-11-03,TRUE
FS_SITE_NE=50488260,PT. MMKI 1.75 MWp - Painting Building,2025-11-04,TRUE
FS_SITE_NE=50488260,PT. MMKI 1.75 MWp - Painting Building,2025-11-10,TRUE
FS_SITE_NE=50488260,PT. MMKI 1.75 MWp - Painting Building,2025-11-11,TRUE
FS_SITE_NE=50488260,PT. MMKI 1.75 MWp - Painting Building,2025-11-12,TRUE
FS_SITE_NE=50488260,PT. MMKI 1.75 MWp - Painting Building,2025-11-15,TRUE
FS_SITE_NE=50488260,PT. MMKI 1.75 MWp - Painting Building,2025-11-16,TRUE
FS_SITE_NE=50488260,PT. MMKI 1.75 MWp - Painting Building,2025-11-17,TRUE
FS_SITE_NE=50488260,PT. MMKI 1.75 MWp - Painting Building,2025-11-18,TRUE
FS_SITE_NE=50488260,PT. MMKI 1.75 MWp - Painting Building,2025-11-19,TRUE
FS_SITE_NE=50488260,PT. MMKI 1.75 MWp - Painting Building,2025-11-29,TRUE
FS_SITE_NE=58630782,PT. MMKI 4.292 MWP - Phase 3,2025-11-03,TRUE
FS_SITE_NE=58630782,PT. MMKI 4.292 MWP - Phase 3,2025-11-04,TRUE
FS_SITE_NE=58630782,PT. MMKI 4.292 MWP - Phase 3,2025-11-10,TRUE
FS_SITE_NE=58630782,PT. MMKI 4.292 MWP - Phase 3,2025-11-11,TRUE
FS_SITE_NE=58630782,PT. MMKI 4.292 MWP - Phase 3,2025-11-12,TRUE
FS_SITE_NE=58630782,PT. MMKI 4.292 MWP - Phase 3,2025-10-02,TRUE
FS_SITE_NE=58630782,PT. MMKI 4.292 MWP - Phase 3,2025-10-05,TRUE
FS_SITE_NE=58630782,PT. MMKI 4.292 MWP - Phase 3,2025-10-08,TRUE
FS_SITE_NE=58630782,PT. MMKI 4.292 MWP - Phase 3,2025-10-09,TRUE
FS_SITE_NE=58630782,PT. MMKI 4.292 MWP - Phase 3,2025-10-11,TRUE
FS_SITE_NE=58630782,PT. MMKI 4.292 MWP - Phase 3,2025-10-12,TRUE
FS_SITE_NE=58630782,PT. MMKI 4.292 MWP - Phase 3,2025-10-17,TRUE
FS_SITE_NE=58630782,PT. MMKI 4.292 MWP - Phase 3,2025-10-22,TRUE
FS_SITE_NE=58630782,PT. MMKI 4.292 MWP - Phase 3,2025-10-23,TRUE
FS_SITE_NE=58630782,PT. MMKI 4.292 MWP - Phase 3,2025-10-24,TRUE
FS_SITE_NE=58630782,PT. MMKI 4.292 MWP - Phase 3,2025-10-25,TRUE
FS_SITE_NE=58630782,PT. MMKI 4.292 MWP - Phase 3,2025-10-26,TRUE
FS_SITE_NE=58630782,PT. MMKI 4.292 MWP - Phase 3,2025-10-27,TRUE
FS_SITE_NE=58630782,PT. MMKI 4.292 MWP - Phase 3,2025-10-30,TRUE
FS_SITE_NE=58630782,PT. MMKI 4.292 MWP - Phase 3,2025-10-31,TRUE
FS_SITE_NE=58630782,PT. MMKI 4.292 MWP - Phase 3,2025-09-08,TRUE
FS_SITE_NE=58630782,PT. MMKI 4.292 MWP - Phase 3,2025-09-09,TRUE
FS_SITE_NE=58630782,PT. MMKI 4.292 MWP - Phase 3,2025-08-14,TRUE
FS_SITE_NE=58630782,PT. MMKI 4.292 MWP - Phase 3,2025-08-15,TRUE
FS_SITE_NE=58630782,PT. MMKI 4.292 MWP - Phase 3,2025-07-10,TRUE
FS_SITE_NE=58630782,PT. MMKI 4.292 MWP - Phase 3,2025-07-11,TRUE
FS_SITE_NE=58630782,PT. MMKI 4.292 MWP - Phase 3,2025-07-13,TRUE
FS_SITE_NE=58630782,PT. MMKI 4.292 MWP - Phase 3,2025-07-20,TRUE
FS_SITE_NE=58630782,PT. MMKI 4.292 MWP - Phase 3,2025-07-21,TRUE
FS_SITE_NE=58630782,PT. MMKI 4.292 MWP - Phase 3,2025-07-27,TRUE
FS_SITE_NE=51758766,PT. MMKI 5.7 MWp - Phase 2,2025-11-03,TRUE
FS_SITE_NE=51758766,PT. MMKI 5.7 MWp - Phase 2,2025-11-04,TRUE
FS_SITE_NE=51758766,PT. MMKI 5.7 MWp - Phase 2,2025-11-10,TRUE
FS_SITE_NE=51758766,PT. MMKI 5.7 MWp - Phase 2,2025-11-11,TRUE
FS_SITE_NE=51758766,PT. MMKI 5.7 MWp - Phase 2,2025-11-12,TRUE
FS_SITE_NE=51758766,PT. MMKI 5.7 MWp - Phase 2,2025-11-15,TRUE
FS_SITE_NE=51758766,PT. MMKI 5.7 MWp - Phase 2,2025-11-16,TRUE
FS_SITE_NE=51758766,PT. MMKI 5.7 MWp - Phase 2,2025-11-17,TRUE
FS_SITE_NE=51758766,PT. MMKI 5.7 MWp - Phase 2,2025-11-18,TRUE
FS_SITE_NE=51758766,PT. MMKI 5.7 MWp - Phase 2,2025-11-19,TRUE
FS_SITE_NE=51758766,PT. MMKI 5.7 MWp - Phase 2,2025-11-29,TRUE
FS_SITE_NE=51758766,PT. MMKI 5.7 MWp - Phase 2,2025-10-02,TRUE
FS_SITE_NE=51758766,PT. MMKI 5.7 MWp - Phase 2,2025-10-04,TRUE
FS_SITE_NE=51758766,PT. MMKI 5.7 MWp - Phase 2,2025-10-05,TRUE
FS_SITE_NE=51758766,PT. MMKI 5.7 MWp - Phase 2,2025-10-08,TRUE
FS_SITE_NE=51758766,PT. MMKI 5.7 MWp - Phase 2,2025-10-09,TRUE
FS_SITE_NE=51758766,PT. MMKI 5.7 MWp - Phase 2,2025-10-11,TRUE
FS_SITE_NE=51758766,PT. MMKI 5.7 MWp - Phase 2,2025-10-12,TRUE
FS_SITE_NE=51758766,PT. MMKI 5.7 MWp - Phase 2,2025-10-17,TRUE
FS_SITE_NE=51758766,PT. MMKI 5.7 MWp - Phase 2,2025-10-22,TRUE
FS_SITE_NE=51758766,PT. MMKI 5.7 MWp - Phase 2,2025-10-23,TRUE
FS_SITE_NE=51758766,PT. MMKI 5.7 MWp - Phase 2,2025-10-24,TRUE
FS_SITE_NE=51758766,PT. MMKI 5.7 MWp - Phase 2,2025-10-25,TRUE
FS_SITE_NE=51758766,PT. MMKI 5.7 MWp - Phase 2,2025-10-26,TRUE
FS_SITE_NE=51758766,PT. MMKI 5.7 MWp - Phase 2,2025-10-27,TRUE
FS_SITE_NE=51758766,PT. MMKI 5.7 MWp - Phase 2,2025-10-30,TRUE
FS_SITE_NE=51758766,PT. MMKI 5.7 MWp - Phase 2,2025-10-31,TRUE
FS_SITE_NE=51758766,PT. MMKI 5.7 MWp - Phase 2,2025-09-08,TRUE
FS_SITE_NE=51758766,PT. MMKI 5.7 MWp - Phase 2,2025-09-09,TRUE
FS_SITE_NE=51758766,PT. MMKI 5.7 MWp - Phase 2,2025-09-22,TRUE
FS_SITE_NE=51758766,PT. MMKI 5.7 MWp - Phase 2,2025-09-23,TRUE
FS_SITE_NE=51758766,PT. MMKI 5.7 MWp - Phase 2,2025-09-26,TRUE
FS_SITE_NE=51758766,PT. MMKI 5.7 MWp - Phase 2,2025-09-29,TRUE
FS_SITE_NE=54435794,PT. Pusan Manis Mulia 2.06 MWp - Tangerang,2025-09-26,TRUE
FS_SITE_NE=54435794,PT. Pusan Manis Mulia 2.06 MWp - Tangerang,2025-09-27,TRUE
FS_SITE_NE=54435794,PT. Pusan Manis Mulia 2.06 MWp - Tangerang,2025-08-02,TRUE
FS_SITE_NE=54435794,PT. Pusan Manis Mulia 2.06 MWp - Tangerang,2025-07-01,TRUE
FS_SITE_NE=54435794,PT. Pusan Manis Mulia 2.06 MWp - Tangerang,2025-07-02,TRUE
FS_SITE_NE=54435794,PT. Pusan Manis Mulia 2.06 MWp - Tangerang,2025-07-03,TRUE
FS_SITE_NE=54435794,PT. Pusan Manis Mulia 2.06 MWp - Tangerang,2025-06-19,TRUE
ISO_SITE_1479456,Shoetown Ligung Indonesia,2025-10-04,TRUE
ISO_SITE_1479456,Shoetown Ligung Indonesia,2025-10-05,TRUE
ISO_SITE_1479456,Shoetown Ligung Indonesia,2025-10-06,TRUE
ISO_SITE_1479456,Shoetown Ligung Indonesia,2025-10-07,TRUE
ISO_SITE_1479456,Shoetown Ligung Indonesia,2025-10-08,TRUE
ISO_SITE_1479456,Shoetown Ligung Indonesia,2025-10-09,TRUE
ISO_SITE_1479456,Shoetown Ligung Indonesia,2025-10-10,TRUE
ISO_SITE_1479456,Shoetown Ligung Indonesia,2025-10-11,TRUE
ISO_SITE_1479456,Shoetown Ligung Indonesia,2025-10-12,TRUE
ISO_SITE_1479456,Shoetown Ligung Indonesia,2025-10-13,TRUE
ISO_SITE_1479456,Shoetown Ligung Indonesia,2025-10-22,TRUE
ISO_SITE_1479456,Shoetown Ligung Indonesia,2025-10-23,TRUE
ISO_SITE_1479456,Shoetown Ligung Indonesia,2025-08-14,TRUE
ISO_SITE_1479456,Shoetown Ligung Indonesia,2025-08-15,TRUE
ISO_SITE_1763661,PLTS On Grid Sorini Towa Berlian Corporindo,2026-04-26,TRUE
ISO_SITE_1763661,PLTS On Grid Sorini Towa Berlian Corporindo,2026-04-27,TRUE
ISO_SITE_1763661,PLTS On Grid Sorini Towa Berlian Corporindo,2026-04-28,TRUE
ISO_SITE_1763661,PLTS On Grid Sorini Towa Berlian Corporindo,2026-04-29,TRUE
ISO_SITE_1763661,PLTS On Grid Sorini Towa Berlian Corporindo,2026-04-30,TRUE
ISO_SITE_1763661,PLTS On Grid Sorini Towa Berlian Corporindo,2026-05-01,TRUE
ISO_SITE_1763661,PLTS On Grid Sorini Towa Berlian Corporindo,2026-05-02,TRUE
ISO_SITE_1763661,PLTS On Grid Sorini Towa Berlian Corporindo,2026-05-03,TRUE
ISO_SITE_1763661,PLTS On Grid Sorini Towa Berlian Corporindo,2026-05-04,TRUE
ISO_SITE_1763661,PLTS On Grid Sorini Towa Berlian Corporindo,2026-05-05,TRUE
FS_SITE_NE=58630782,PT. MMKI 4.292 MWP - Phase 3,2025-11-15,TRUE
FS_SITE_NE=58630782,PT. MMKI 4.292 MWP - Phase 3,2025-11-16,TRUE
FS_SITE_NE=58630782,PT. MMKI 4.292 MWP - Phase 3,2025-11-17,TRUE
FS_SITE_NE=58630782,PT. MMKI 4.292 MWP - Phase 3,2025-11-18,TRUE
FS_SITE_NE=58630782,PT. MMKI 4.292 MWP - Phase 3,2025-11-19,TRUE
FS_SITE_NE=58630782,PT. MMKI 4.292 MWP - Phase 3,2025-11-29,TRUE
ISO_SITE_1614122,Charoen Pokphand Majalengka,2025-11-18,TRUE
ISO_SITE_1614122,Charoen Pokphand Majalengka,2025-11-19,TRUE
ISO_SITE_1614122,Charoen Pokphand Majalengka,2025-11-20,TRUE
ISO_SITE_1614122,Charoen Pokphand Majalengka,2025-11-21,TRUE
ISO_SITE_1614122,Charoen Pokphand Majalengka,2025-11-22,TRUE
ISO_SITE_1614122,Charoen Pokphand Majalengka,2025-11-23,TRUE
ISO_SITE_1614122,Charoen Pokphand Majalengka,2025-11-24,TRUE
ISO_SITE_1614122,Charoen Pokphand Majalengka,2025-11-25,TRUE
ISO_SITE_1614122,Charoen Pokphand Majalengka,2025-11-26,TRUE
ISO_SITE_1614122,Charoen Pokphand Majalengka,2025-11-27,TRUE
ISO_SITE_1614122,Charoen Pokphand Majalengka,2025-11-28,TRUE
ISO_SITE_1614122,Charoen Pokphand Majalengka,2025-11-29,TRUE
ISO_SITE_1614122,Charoen Pokphand Majalengka,2025-11-30,TRUE
ISO_SITE_1637095,Charoen Pokphand Bandung,2025-11-19,TRUE
ISO_SITE_1637095,Charoen Pokphand Bandung,2025-11-20,TRUE
ISO_SITE_1637816,Charoen Pokphand Madiun,2025-11-15,TRUE
ISO_SITE_1637816,Charoen Pokphand Madiun,2025-11-16,TRUE
ISO_SITE_1637816,Charoen Pokphand Madiun,2025-11-17,TRUE
ISO_SITE_1637816,Charoen Pokphand Madiun,2025-11-18,TRUE
ISO_SITE_1637816,Charoen Pokphand Madiun,2025-11-19,TRUE
ISO_SITE_1680199,PLTS Rooftop Sumatera Prima Fibreboard,2025-10-05,TRUE
ISO_SITE_1680199,PLTS Rooftop Sumatera Prima Fibreboard,2025-11-10,TRUE
ISO_SITE_1680199,PLTS Rooftop Sumatera Prima Fibreboard,2025-11-11,TRUE
ISO_SITE_1680199,PLTS Rooftop Sumatera Prima Fibreboard,2025-11-19,TRUE
ISO_SITE_1680199,PLTS Rooftop Sumatera Prima Fibreboard,2025-11-30,TRUE
ISO_SITE_1680199,PLTS Rooftop Sumatera Prima Fibreboard,2025-10-06,TRUE
ISO_SITE_1680199,PLTS Rooftop Sumatera Prima Fibreboard,2025-10-07,TRUE
ISO_SITE_1680199,PLTS Rooftop Sumatera Prima Fibreboard,2025-10-08,TRUE
ISO_SITE_1680199,PLTS Rooftop Sumatera Prima Fibreboard,2025-10-09,TRUE
ISO_SITE_1680199,PLTS Rooftop Sumatera Prima Fibreboard,2025-10-11,TRUE
ISO_SITE_1680199,PLTS Rooftop Sumatera Prima Fibreboard,2025-10-12,TRUE
ISO_SITE_1680199,PLTS Rooftop Sumatera Prima Fibreboard,2025-10-14,TRUE
ISO_SITE_1680199,PLTS Rooftop Sumatera Prima Fibreboard,2025-10-15,TRUE
ISO_SITE_1614122,Charoen Pokphand Majalengka,2025-12-01,TRUE
ISO_SITE_1614122,Charoen Pokphand Majalengka,2025-12-02,TRUE
ISO_SITE_1614122,Charoen Pokphand Majalengka,2025-12-03,TRUE
ISO_SITE_1614122,Charoen Pokphand Majalengka,2025-12-04,TRUE
ISO_SITE_1614122,Charoen Pokphand Majalengka,2025-12-08,TRUE
ISO_SITE_1614122,Charoen Pokphand Majalengka,2025-12-13,TRUE
ISO_SITE_1614122,Charoen Pokphand Majalengka,2026-04-01,TRUE
ISO_SITE_1614122,Charoen Pokphand Majalengka,2026-04-02,TRUE
ISO_SITE_1614122,Charoen Pokphand Majalengka,2026-04-05,TRUE
ISO_SITE_1614122,Charoen Pokphand Majalengka,2026-04-06,TRUE
ISO_SITE_1614122,Charoen Pokphand Majalengka,2026-04-13,TRUE
ISO_SITE_1614122,Charoen Pokphand Majalengka,2026-04-14,TRUE
ISO_SITE_1614122,Charoen Pokphand Majalengka,2026-04-16,TRUE
ISO_SITE_1614122,Charoen Pokphand Majalengka,2026-04-17,TRUE
ISO_SITE_1614122,Charoen Pokphand Majalengka,2026-04-30,TRUE
FS_SITE_NE=58630782,PT. MMKI 4.292 MWP - Phase 3,2025-12-05,TRUE
FS_SITE_NE=58630782,PT. MMKI 4.292 MWP - Phase 3,2025-12-06,TRUE
FS_SITE_NE=58630782,PT. MMKI 4.292 MWP - Phase 3,2025-12-07,TRUE
FS_SITE_NE=58630782,PT. MMKI 4.292 MWP - Phase 3,2025-12-08,TRUE
ISO_SITE_1637816,Charoen Pokphand Madiun,2025-12-09,TRUE
ISO_SITE_1680199,PLTS Rooftop Sumatera Prima Fibreboard,2025-12-11,TRUE
ISO_SITE_1680199,PLTS Rooftop Sumatera Prima Fibreboard,2025-12-14,TRUE
FS_SITE_NE=51758766,PT. MMKI 5.7 MWp - Phase 2,2026-04-26,TRUE
FS_SITE_NE=58630782,PT. MMKI 4.292 MWP - Phase 3,2026-04-26,TRUE
FS_SITE_NE=54435794,PT. Pusan Manis Mulia 2.06 MWp - Tangerang,2026-04-26,TRUE
FS_SITE_NE=53771627,PLTS Mall Panakkukang,2026-04-26,TRUE
ISO_SITE_1445767,Garuda Metalindo (IKP),2026-04-20,TRUE
ISO_SITE_1445767,Garuda Metalindo (IKP),2026-04-21,TRUE
ISO_SITE_1445767,Garuda Metalindo (IKP),2026-04-22,TRUE
ISO_SITE_1637095,Charoen Pokphand Bandung,2026-04-27,TRUE
ISO_SITE_1637095,Charoen Pokphand Bandung,2026-04-28,TRUE
ISO_SITE_1637816,Charoen Pokphand Madiun,2026-04-15,TRUE
ISO_SITE_1680199,PLTS Rooftop Sumatera Prima Fibreboard,2026-04-10,TRUE
ISO_SITE_1680199,PLTS Rooftop Sumatera Prima Fibreboard,2026-04-11,TRUE
ISO_SITE_1680199,PLTS Rooftop Sumatera Prima Fibreboard,2026-04-12,TRUE
ISO_SITE_1680199,PLTS Rooftop Sumatera Prima Fibreboard,2026-04-13,TRUE
FS_SITE_NE=62806354,PLTS ONGRID PT SUPARMA TBK,2026-04-09,TRUE
FS_SITE_NE=62806354,PLTS ONGRID PT SUPARMA TBK,2026-04-23,TRUE
ISO_SITE_1763661,PLTS On Grid Sorini Towa Berlian Corporindo,2026-04-14,TRUE
ISO_SITE_1680199,PLTS Rooftop Sumatera Prima Fibreboard,2026-05-12,TRUE
ISO_SITE_1453245,Garuda Metalindo 2,2026-05-12,TRUE
ISO_SITE_1763661,PLTS On Grid Sorini Towa Berlian Corporindo,2026-05-08,TRUE
ISO_SITE_1479456,Shoetown Ligung Indonesia,2026-05-01,TRUE
ISO_SITE_1479456,Shoetown Ligung Indonesia,2026-05-02,TRUE
ISO_SITE_1479456,Shoetown Ligung Indonesia,2026-05-03,TRUE
ISO_SITE_1479456,Shoetown Ligung Indonesia,2026-05-04,TRUE
ISO_SITE_1479456,Shoetown Ligung Indonesia,2026-05-05,TRUE
ISO_SITE_1614122,Charoen Pokphand Majalengka,2026-05-01,TRUE
ISO_SITE_1614122,Charoen Pokphand Majalengka,2026-05-02,TRUE
ISO_SITE_1614122,Charoen Pokphand Majalengka,2026-05-03,TRUE
ISO_SITE_1445767,Garuda Metalindo (IKP),2026-05-13,TRUE
ISO_SITE_1445767,Garuda Metalindo (IKP),2026-05-14,TRUE
ISO_SITE_1445767,Garuda Metalindo (IKP),2026-05-15,TRUE
FS_SITE_NE=58630782,PT. MMKI 4.292 MWP - Phase 3,2026-05-01,TRUE
FS_SITE_NE=61847068,PT Gelora Djaya 1 MWp,2026-05-01,TRUE
FS_SITE_NE=61847068,PT Gelora Djaya 1 MWp,2026-05-02,TRUE
FS_SITE_NE=61847068,PT Gelora Djaya 1 MWp,2026-05-03,TRUE
FS_SITE_NE=61847068,PT Gelora Djaya 1 MWp,2026-05-04,TRUE
FS_SITE_NE=61847068,PT Gelora Djaya 1 MWp,2026-05-05,TRUE
FS_SITE_NE=61847068,PT Gelora Djaya 1 MWp,2026-05-06,TRUE
FS_SITE_NE=61847068,PT Gelora Djaya 1 MWp,2026-05-07,TRUE
FS_SITE_NE=50488260,PT. MMKI 1.75 MWp - Painting Building,2026-05-16,TRUE
FS_SITE_NE=51758766,PT. MMKI 5.7 MWp - Phase 2,2026-05-16,TRUE
FS_SITE_NE=50488260,PT. MMKI 1.75 MWp - Painting Building,2026-05-01,TRUE
FS_SITE_NE=51758766,PT. MMKI 5.7 MWp - Phase 2,2026-05-01,TRUE
FS_SITE_NE=58630782,PT. MMKI 4.292 MWP - Phase 3,2026-05-07,TRUE
FS_SITE_NE=58630782,PT. MMKI 4.292 MWP - Phase 3,2026-05-08,TRUE
FS_SITE_NE=54435794,PT. Pusan Manis Mulia 2.06 MWp - Tangerang,2026-05-16,TRUE