Site_Name,Site_Code,Month,GHI (kWh/m2),POA (kWh/m2),Energy Simulation (MWh),Energy Target (MWh),"Energy KPI (MWh)",Daily PR POA Target,Daily PR GHI Target
Garuda Metalindo 1,1458125,January,108,75,106,89,59,62181919,59,62181919,59,025601,0,784161644,0,797806893
Garuda Metalindo 1,1458125,February,112,28,110,17,61,41892323,61,41892323,60,804734,0,782401064,0,797385781
Garuda Metalindo 1,1458125,March,142,55,139,74,76,92558182,76,92558182,76,156326,0,771850529,0,787371496
Garuda Metalindo 1,1458125,April,147,26,144,07,80,37425657,80,37425657,79,570514,0,780659791,0,797945171
Garuda Metalindo 1,1458125,May,148,73,145,21,71,31238384,81,48332517,70,59926,0,685797684,0,802604991
Garuda Metalindo 1,1458125,June,141,73,138,18,78,0908697,78,0908697,77,309961,0,788076016,0,808322577
Garuda Metalindo 1,1458125,July,147,11,143,52,81,14042424,81,14042424,80,32902,0,788905015,0,808638634
Garuda Metalindo 1,1458125,August,167,12,163,41,91,14724747,91,14724747,90,235775,0,780090105,0,797800981
Garuda Metalindo 1,1458125,September,161,81,158,59,87,96591717,87,96591717,87,086258,0,777568602,0,793356299
Garuda Metalindo 1,1458125,October,156,5,153,46,85,22522222,85,22522222,84,37297,0,778903111,0,794332965
Garuda Metalindo 1,1458125,November,171,76,169,08,93,68628889,93,68628889,92,749426,0,780159933,0,792525847
Garuda Metalindo 1,1458125,December,132,64,130,36,73,09495758,73,09495758,72,364008,0,788211094,0,801996928
Garuda Metalindo 2,1453245,January,106,90285,104,79985,52,07613593,55,548957,51,55537457,0,734566546,0,799276281
Garuda Metalindo 2,1453245,February,113,42695,111,11903,58,73124601,58,73124601,58,14393355,0,78079071,0,797007577
Garuda Metalindo 2,1453245,March,142,32221,139,60355,73,72488147,73,72488147,72,98763266,0,781129575,0,796341407
Garuda Metalindo 2,1453245,April,145,98115,143,37742,75,95946133,75,95946133,75,19986672,0,784633367,0,798882287
Garuda Metalindo 2,1453245,May,147,08716,144,54613,77,34390894,77,34390894,76,57046986,0,792926682,0,806865834
Garuda Metalindo 2,1453245,June,142,28707,139,71711,71,83872045,74,86616324,71,12033325,0,761333306,0,80801172
Garuda Metalindo 2,1453245,July,147,66552,144,99313,77,56218444,77,56218444,76,7865626,0,792050021,0,806648413
Garuda Metalindo 2,1453245,August,164,76953,161,89092,86,10592449,86,10592449,85,24486525,0,788021031,0,802032967
Garuda Metalindo 2,1453245,September,161,829,159,10239,83,53983128,83,53983128,82,70443297,0,778428845,0,791769134
Garuda Metalindo 2,1453245,October,155,31387,152,15175,80,64480877,80,64480877,79,83836069,0,782974922,0,799247234
Garuda Metalindo 2,1453245,November,166,75309,163,49067,82,67104815,85,80609299,81,84433767,0,747586122,0,791419654
Garuda Metalindo 2,1453245,December,134,56622,132,0214,69,3421653,69,3421653,68,64874365,0,777039369,0,792017435
Garuda Metalindo (IKP),1445767,January,133,83,132,62,35,74398745,35,74398745,35,38654758,0,815651288,0,823093137
Garuda Metalindo (IKP),1445767,February,137,46,136,33,36,78134793,36,78134793,36,41353445,0,817158507,0,823931698
Garuda Metalindo (IKP),1445767,March,153,28,152,12,40,98331441,40,98331441,40,57348126,0,816538358,0,82276492
Garuda Metalindo (IKP),1445767,April,146,88,145,92,39,37222389,39,37222389,38,97850166,0,818619881,0,824005538
Garuda Metalindo (IKP),1445767,May,148,19,147,39,36,64902639,39,7383574,36,28253612,0,755263591,0,823373524
Garuda Metalindo (IKP),1445767,June,143,13,142,59,38,58334509,38,58334509,38,19751164,0,82323573,0,826353391
Garuda Metalindo (IKP),1445767,July,150,34,149,69,40,58230943,40,58230943,40,17648634,0,824360582,0,827940209
Garuda Metalindo (IKP),1445767,August,156,82,155,98,42,21057144,42,21057144,41,78846573,0,822005621,0,826432373
Garuda Metalindo (IKP),1445767,September,157,66,156,66,42,19946048,42,19946048,41,77746587,0,817410819,0,822628557
Garuda Metalindo (IKP),1445767,October,174,57,173,24,46,5590007,46,5590007,46,09341069,0,814496165,0,820749224
Garuda Metalindo (IKP),1445767,November,144,64,143,23,38,73485831,38,73485831,38,34750972,0,817840407,0,825891478
Garuda Metalindo (IKP),1445767,December,142,06,140,58,35,63691812,37,95304071,35,28054893,0,766096246,0,824476046
Garuda Metalindo (MPF),1449886,January,106,9,104,93,29,27283,31,53625005,28,9801017,0,746181726,0,760190856
Garuda Metalindo (MPF),1449886,February,113,39,111,14,31,77864,33,41530155,31,4608536,0,763691849,0,77915259
Garuda Metalindo (MPF),1449886,March,142,31,139,58,41,97762,41,97762,41,5578438,0,803785184,0,819506158
Garuda Metalindo (MPF),1449886,April,146,03,143,39,43,21285,43,21285,42,7807215,0,806358983,0,821205121
Garuda Metalindo (MPF),1449886,May,147,12,144,46,43,70169,43,70169,43,2646731,0,809438989,0,824343514
Garuda Metalindo (MPF),1449886,June,142,34,139,67,42,31395,42,31395,41,8908105,0,810054447,0,825539844
Garuda Metalindo (MPF),1449886,July,147,66,144,91,43,79057,43,79057,43,3526643,0,808119037,0,823454952
Garuda Metalindo (MPF),1449886,August,164,79,161,8,48,8032,48,8032,48,315168,0,807002814,0,821915907
Garuda Metalindo (MPF),1449886,September,161,82,159,17,45,96914,47,81061756,45,5094486,0,774090586,0,786978316
Garuda Metalindo (MPF),1449886,October,155,34,152,24,45,85703,45,85703,45,3984597,0,804415122,0,820795094
Garuda Metalindo (MPF),1449886,November,166,86,163,7,49,17892,49,17892,48,6871308,0,803127231,0,818630481
Garuda Metalindo (MPF),1449886,December,134,49,131,98,39,84753,39,84753,39,4490547,0,807363323,0,822717785
Shoetown Ligung Indonesia,1479456,January,159,8079571,156,8466083,326,3723416,326,3723416,325,2300384,0,786677767,0,801530669
Shoetown Ligung Indonesia,1479456,February,129,8607359,127,3177591,264,9316043,264,9316043,264,0043437,0,785846708,0,80154279
Shoetown Ligung Indonesia,1479456,March,169,3838006,166,3274973,345,8777681,345,8777681,344,6671959,0,786561533,0,801014769
Shoetown Ligung Indonesia,1479456,April,152,5010067,149,950342,313,6807598,313,6807598,312,5828771,0,792313579,0,805790883
Shoetown Ligung Indonesia,1479456,May,147,9250321,145,3397765,304,4523889,304,4523889,303,3868055,0,7927927,0,806894633
Shoetown Ligung Indonesia,1479456,June,140,1161324,138,164366,281,4665412,292,0386469,280,4814083,0,773785458,0,814190832
Shoetown Ligung Indonesia,1479456,July,157,622941,155,2037002,325,860868,325,860868,324,7203549,0,796332998,0,808745854
Shoetown Ligung Indonesia,1479456,August,177,9479016,175,1823594,364,6246095,364,6246095,363,3484234,0,789287154,0,801747352
Shoetown Ligung Indonesia,1479456,September,181,5929552,178,5638247,345,0732889,368,318323,343,8655324,0,731971675,0,794532696
Shoetown Ligung Indonesia,1479456,October,174,9529102,171,9932795,348,3171242,356,6153666,347,0980143,0,76689443,0,798675761
Shoetown Ligung Indonesia,1479456,November,147,3229048,144,6605565,301,5047685,301,5047685,300,4495018,0,788325982,0,802834417
Shoetown Ligung Indonesia,1479456,December,145,3389962,142,6920952,298,5163113,298,5163113,297,4715042,0,791166407,0,805842337
PT. MMKI 1.75 MWp - Painting Building,NE=50488260,January,129,896,130,0924,180,1938265,180,1938265,180,1938265,0,792400612,0,791204328
PT. MMKI 1.75 MWp - Painting Building,NE=50488260,February,122,318,122,3512,169,8612266,169,8612266,169,8612266,0,79323991,0,793024664
PT. MMKI 1.75 MWp - Painting Building,NE=50488260,March,150,86,150,8013,207,2244715,207,2244715,207,2244715,0,784634878,0,7849403
PT. MMKI 1.75 MWp - Painting Building,NE=50488260,April,147,416,147,1267,189,3972489,201,139403,189,3972489,0,73388788,0,780919621
PT. MMKI 1.75 MWp - Painting Building,NE=50488260,May,148,13,147,4514,199,1050387,199,1050387,199,1050387,0,767785489,0,771318987
PT. MMKI 1.75 MWp - Painting Building,NE=50488260,June,138,002,137,317,179,4455756,186,1828017,179,4455756,0,742759211,0,7744902
PT. MMKI 1.75 MWp - Painting Building,NE=50488260,July,153,119,152,4453,206,2927317,206,2927317,206,2927317,0,769583087,0,772984098
PT. MMKI 1.75 MWp - Painting Building,NE=50488260,August,171,602,171,0638,222,5443501,230,6306173,222,5443501,0,740789639,0,770121979
PT. MMKI 1.75 MWp - Painting Building,NE=50488260,September,174,014,173,8243,234,7823201,234,7823201,234,7823201,0,770693812,0,771534894
PT. MMKI 1.75 MWp - Painting Building,NE=50488260,October,170,54,170,705,232,7615569,232,7615569,232,7615569,0,779624838,0,778871268
PT. MMKI 1.75 MWp - Painting Building,NE=50488260,November,148,26,148,5274,202,528404,202,528404,202,528404,0,780301814,0,778897004
PT. MMKI 1.75 MWp - Painting Building,NE=50488260,December,151,21,151,464,207,7730364,207,7730364,207,7730364,0,784890993,0,783574757
PT. MMKI 5.7 MWp - Phase 2,NE=51758766,January,122,8998,122,3089,549,19547,,,0,783002144,0,786784992
PT. MMKI 5.7 MWp - Phase 2,NE=51758766,February,110,1,109,825,491,99693,,,0,783000889,0,78496151
PT. MMKI 5.7 MWp - Phase 2,NE=51758766,March,149,2003,149,322,666,72064,,,0,78299932,0,782361162
PT. MMKI 5.7 MWp - Phase 2,NE=51758766,April,146,5003,147,119,654,6553,,,0,782999267,0,779706411
PT. MMKI 5.7 MWp - Phase 2,NE=51758766,May,148,4997,149,7121,663,59255,,,0,783002424,0,776661506
PT. MMKI 5.7 MWp - Phase 2,NE=51758766,June,139,0005,140,3017,621,14051,,,0,782998036,0,775736278
PT. MMKI 5.7 MWp - Phase 2,NE=51758766,July,152,3001,153,6687,680,57341,,,0,783000375,0,776026838
PT. MMKI 5.7 MWp - Phase 2,NE=51758766,August,168,1008,169,156,751,17787,,,0,782997158,0,778112799
PT. MMKI 5.7 MWp - Phase 2,NE=51758766,September,169,7999,170,208,758,77455,,,0,783001343,0,781123976
PT. MMKI 5.7 MWp - Phase 2,NE=51758766,October,162,1998,161,9237,724,81287,,,0,783001804,0,78433692
PT. MMKI 5.7 MWp - Phase 2,NE=51758766,November,140,0006,139,3662,625,60915,,,0,782997501,0,786561734
PT. MMKI 5.7 MWp - Phase 2,NE=51758766,December,132,5993,131,8926,592,54124,,,0,783004993,0,78720045
PLTS Mall Panakkukang,NE=53771627,January,127,6899219,127,3144892,113,3173135,118,074448,113,3173135,0,743492658,0,745685114
PLTS Mall Panakkukang,NE=53771627,February,125,9259617,125,629106,118,903002,118,903002,118,903002,0,759197772,0,760991721
PLTS Mall Panakkukang,NE=53771627,March,150,0378779,149,7967555,145,2159805,145,2159805,145,2159805,0,77819938,0,779452019
PLTS Mall Panakkukang,NE=53771627,April,152,4149498,152,3075411,148,0095489,148,0095489,148,0095489,0,780799541,0,781350168
PLTS Mall Panakkukang,NE=53771627,May,149,2978071,149,2037986,145,9437678,145,9437678,145,9437678,0,785976402,0,786471621
PLTS Mall Panakkukang,NE=53771627,June,138,4349431,138,3615831,135,1152647,135,1152647,135,1152647,0,784758578,0,785174661
PLTS Mall Panakkukang,NE=53771627,July,160,7350659,160,6170805,157,1702749,157,1702749,157,1702749,0,786207463,0,786784992
PLTS Mall Panakkukang,NE=53771627,August,189,3548958,189,2279738,178,9605529,185,0451504,178,9605529,0,785739437,0,78626646
PLTS Mall Panakkukang,NE=53771627,September,195,1647645,194,9699628,187,7307563,187,7307563,187,7307563,0,773412879,0,774185625
PLTS Mall Panakkukang,NE=53771627,October,190,4107476,190,1636319,181,5720696,181,5720696,181,5720696,0,766716779,0,767713119
PLTS Mall Panakkukang,NE=53771627,November,158,9149974,158,7070785,141,3137565,148,7331115,141,3137565,0,752523662,0,753509528
PLTS Mall Panakkukang,NE=53771627,December,132,054958,131,6759338,121,1039527,121,1039527,121,1039527,0,737362401,0,739484871
PT. Pusan Manis Mulia 2.06 MWp - Tangerang,NE=54435794,January,139,725984,138,6416,224,547858,224,547858,212,4447284,0,781263344,0,787373988
PT. Pusan Manis Mulia 2.06 MWp - Tangerang,NE=54435794,February,121,258109,120,278451,195,2004211,195,2004211,184,6791184,0,782592474,0,788966625
PT. Pusan Manis Mulia 2.06 MWp - Tangerang,NE=54435794,March,157,570925,156,1563,251,8715497,251,8715497,238,2956731,0,77708538,0,784125021
PT. Pusan Manis Mulia 2.06 MWp - Tangerang,NE=54435794,April,146,522994,145,247199,234,6661136,234,6661136,222,0176101,0,778592659,0,785431515
PT. Pusan Manis Mulia 2.06 MWp - Tangerang,NE=54435794,May,138,677077,137,599709,222,79444,222,79444,210,7858197,0,781025795,0,787141013
PT. Pusan Manis Mulia 2.06 MWp - Tangerang,NE=54435794,June,127,617836,126,65868,204,0603624,204,0603624,193,0615089,0,777343526,0,783230163
PT. Pusan Manis Mulia 2.06 MWp - Tangerang,NE=54435794,July,142,650242,141,587818,229,4416793,229,4416793,217,0747728,0,781925737,0,787793026
PT. Pusan Manis Mulia 2.06 MWp - Tangerang,NE=54435794,August,157,530913,156,41747,253,0956197,253,0956197,239,4537658,0,78106027,0,786620174
PT. Pusan Manis Mulia 2.06 MWp - Tangerang,NE=54435794,September,157,33788,156,343261,252,3747467,252,3747467,238,7717478,0,779791165,0,784752012
PT. Pusan Manis Mulia 2.06 MWp - Tangerang,NE=54435794,October,156,624823,155,577587,251,9628523,251,9628523,238,3820546,0,782062805,0,787327087
PT. Pusan Manis Mulia 2.06 MWp - Tangerang,NE=54435794,November,133,340007,132,423441,203,2214689,215,6459566,192,2678318,0,740925976,0,791666302
PT. Pusan Manis Mulia 2.06 MWp - Tangerang,NE=54435794,December,147,031024,145,668488,225,2471923,236,5996276,213,1063687,0,744759605,0,789612751
