Source;site_id;dev_name;esn_code;voltage_level;meter_type;polarity_swapped
FusionSolar;NE=50488260;Meter-LV;AM02102287046729;LV;;
FusionSolar;NE=50488260;Meter-MV;AM00102287046729;MV;Revenue;
FusionSolar;NE=51758766;EM-MVMDP-PV2;AM011023B7436516;MV;Revenue;
FusionSolar;NE=51758766;PM-LVMDP-PV2;AM001023B7436516;LV;;
FusionSolar;NE=51758766;EM-AUX-PV2;AM041023B7436516;;;
FusionSolar;NE=51758766;PM-EXIM-PB;AM051023B7436516;;;
FusionSolar;NE=51758766;PM-MVMDP-PV2;AM021023B7436516;MV;;
FusionSolar;NE=51758766;EM-MVEXT;AM031023B7436516;MV;;
FusionSolar;NE=51758766;Meter-AM061023B7436516;AM061023B7436516;;;
FusionSolar;NE=51758766;Eximp-MMKI;AM071023B7436516;;;
FusionSolar;NE=51758766;PM-LVMDP-PV3;AM021023C7355634;LV;;
FusionSolar;NE=51758766;EM-AUX-PV3;AM031023C7355634;;;
FusionSolar;NE=51758766;EM-MVMDP-PV3;AM001023C7355634;MV;Revenue;TRUE
FusionSolar;NE=51758766;PM-MVMDP-PV3;AM011023C7355634;MV;;
FusionSolar;NE=53771627;EM-LV(COM3-4);AM031023A5160368;LV;;
FusionSolar;NE=53771627;PM-MV(COM3-1);AM001023A5160368;MV;;
FusionSolar;NE=53771627;EM-MV(COM3-2);AM011023A5160368;MV;Revenue;
FusionSolar;NE=53771627;PM-LV(COM3-3);AM021023A5160368;LV;;
FusionSolar;NE=54435794;RM-02-IEM2455-2;AM02102467487012;;;
FusionSolar;NE=54435794;PQM-01-PM5350-2;AM00102467487012;;;
FusionSolar;NE=54435794;RM-01-IEM3255-2;AM01102467487012;;Revenue;
FusionSolar;NE=54435794;PQM-01-PM5350-1;AM00102459944283;;;
FusionSolar;NE=54435794;RM-01-IEM3255-1;AM01102459944283;;Revenue;
FusionSolar;NE=54435794;RM-02-IEM2455-1;AM02102459944283;;;
FusionSolar;NE=58630782;PQM-01-MV-ASSY;AM011024B6566722;MV;;
FusionSolar;NE=58630782;PQM-02-LV-ASSY;AM001024B6566722;LV;;
FusionSolar;NE=58630782;RM-01-MV-ASSY;AM021024B6566722;MV;Revenue;
FusionSolar;NE=58630782;RM-02-LV-ASSY;AM031024B6566722;LV;;
FusionSolar;NE=58630782;RM-02-LV-PW;AM031024B6566719;LV;;
FusionSolar;NE=58630782;RM-01-MV-PW;AM021024B6566719;MV;Revenue;
FusionSolar;NE=58630782;PQM-01-MV-PW;AM001024B6566719;MV;;
FusionSolar;NE=58630782;PQM-02-LV-PW;AM011024B6566719;LV;;
FusionSolar;NE=61847068;EM-POI;AM0610254C346758;MV;Revenue;
FusionSolar;NE=61847068;EM-MVSWG;AM0110254C346758;MV;Revenue;
FusionSolar;NE=61847068;Meter-AM0010254C346758;AM0010254C346758;;;
FusionSolar;NE=61847068;Meter-AM0310254C346758;AM0310254C346758;;;
FusionSolar;NE=61847068;Meter-AM0210254C346758;AM0210254C346758;;;
FusionSolar;NE=62806354;SPM-RM-01-WH;AM03102527099805;MV;Revenue;
FusionSolar;NE=62806354;SPM-PQM-02-PM10;AM01102527099822;;;
FusionSolar;NE=62806354;SPM-PQM-03-WH;AM00102527099805;;;
FusionSolar;NE=62806354;SPM-RM-03-PM10;AM02102527099822;MV;Revenue;
FusionSolar;NE=62806354;SPM-RM-04-PM10;AM00102527099822;;;
FusionSolar;NE=62806354;SPM-PQM-01-WH;AM02102527099805;;;
FusionSolar;NE=62806354;SPM-RM-02-WH;AM01102527099805;;;
iSolarCloud;1445767;Meter Ex-imp;1445767_7_14_1;;;
iSolarCloud;1445767;RevenueMeter_ACComb;1445767_7_12_1;;Revenue;
iSolarCloud;1445767;PowerMeter_ACComb;1445767_7_11_1;;;
iSolarCloud;1445767;RevenueMeter_RMS;1445767_7_5_1;;;
iSolarCloud;1445767;Meter2;1445767_7_6_1;;;
iSolarCloud;1445767;Meter1;1445767_7_4_1;;;
iSolarCloud;1449886;Meter Ex-imp;1449886_7_13_1;;;
iSolarCloud;1449886;PowerMeter_ACCombiner;1449886_7_11_1;;;
iSolarCloud;1449886;PowerMeter_ACComb;1449886_7_9_1;;;
iSolarCloud;1449886;RevenueMeter_RMS;1449886_7_8_1;;;
iSolarCloud;1449886;RevenueMeter_ACComb;1449886_7_7_1;;Revenue;
iSolarCloud;1453245;Meter Ex-imp;1453245_7_17_1;;;
iSolarCloud;1453245;Meter5;1453245_7_16_1;;;
iSolarCloud;1453245;PowerMeter_ACComb;1453245_7_12_1;;;
iSolarCloud;1453245;Meter3;1453245_7_9_1;;;
iSolarCloud;1453245;EnergyMeter_RMS;1453245_7_8_1;;;
iSolarCloud;1453245;EnergyMeter_ACComb;1453245_7_7_1;;Revenue;
iSolarCloud;1453245;Meter8;1453245_7_15_1;;;
iSolarCloud;1453245;Meter7;1453245_7_14_1;;;
iSolarCloud;1458125;Meter21;1458125_7_2_1;;;
iSolarCloud;1458125;Meter20;1458125_7_1_1;;;
iSolarCloud;1458125;Meter19;1458125_7_4_1;;;
iSolarCloud;1458125;Meter18;1458125_7_3_1;;;
iSolarCloud;1458125;Meter17;1458125_7_6_1;;;
iSolarCloud;1458125;Meter16;1458125_7_35_1;;;
iSolarCloud;1458125;Meter15;1458125_7_34_1;;;
iSolarCloud;1458125;PowerMeter_ACComb;1458125_7_17_1;;;
iSolarCloud;1458125;Meter34;1458125_7_48_1;;;
iSolarCloud;1458125;Meter33;1458125_7_46_1;;;
iSolarCloud;1458125;Meter32;1458125_7_45_1;;;
iSolarCloud;1458125;Meter31;1458125_7_44_1;;;
iSolarCloud;1458125;Meter30;1458125_7_42_1;;;
iSolarCloud;1458125;Meter29;1458125_7_41_1;;;
iSolarCloud;1458125;Meter28;1458125_7_40_1;;;
iSolarCloud;1458125;Meter27;1458125_7_39_1;;;
iSolarCloud;1458125;Meter26;1458125_7_38_1;;;
iSolarCloud;1458125;Meter25;1458125_7_37_1;;;
iSolarCloud;1458125;Meter24;1458125_7_36_1;;;
iSolarCloud;1458125;Meter14;1458125_7_33_1;;;
iSolarCloud;1458125;Meter13;1458125_7_32_1;;;
iSolarCloud;1458125;Meter12;1458125_7_31_1;;;
iSolarCloud;1458125;Meter11;1458125_7_30_1;;;
iSolarCloud;1458125;Meter10;1458125_7_29_1;;;
iSolarCloud;1458125;Meter9;1458125_7_27_1;;;
iSolarCloud;1458125;Meter Ex-Imp;1458125_7_28_1;;;
iSolarCloud;1458125;Meter7;1458125_7_5_1;;;
iSolarCloud;1458125;Meter6;1458125_7_26_1;;;
iSolarCloud;1458125;Meter23;1458125_7_47_1;;;
iSolarCloud;1458125;Meter22;1458125_7_43_1;;;
iSolarCloud;1458125;Meter5;1458125_7_25_1;;;
iSolarCloud;1458125;Meter Ex-import;1458125_7_24_1;;;
iSolarCloud;1458125;RevenueMeter_RMS;1458125_7_9_1;;;
iSolarCloud;1458125;RevenueMeter_ACComb;1458125_7_7_1;;Revenue;
iSolarCloud;1479456;SLI-RM-02-A;1479456_7_13_2;;;
iSolarCloud;1479456;SLI-RM-01-A;1479456_7_12_2;;Revenue;
iSolarCloud;1479456;SLI-PQM-01-A;1479456_7_11_2;;;
iSolarCloud;1479456;SLI-PQM-01-F;1479456_7_20_1;;;
iSolarCloud;1479456;SLI-RM-02-F;1479456_7_4_1;;;
iSolarCloud;1479456;SLI-RM-01-F;1479456_7_3_1;;Revenue;
iSolarCloud;1479456;Meter1-F;1479456_7_2_1;;;
iSolarCloud;1614122;EM-POI1;1614122_7_12_1;;;
iSolarCloud;1614122;PM-ACSB;1614122_7_11_1;;;
iSolarCloud;1614122;EM-POI2;1614122_7_10_1;;;
iSolarCloud;1614122;CPMJL-EM-POI;1614122_7_18_1;;Revenue;
iSolarCloud;1614122;CPMJL-PM-ACSB;1614122_7_17_1;;;
iSolarCloud;1614122;Meter4;1614122_7_14_1;;;
iSolarCloud;1628909;FLN - Exim-Meter;1628909_7_1_3;;;
iSolarCloud;1628909;FLN-Painting-KWH-01;1628909_7_5_1;;Revenue;
iSolarCloud;1628909;FLN-Painting-PQM-01;1628909_7_8_1;;;
iSolarCloud;1628909;FLN-Painting-KWH-02;1628909_7_9_1;;;
iSolarCloud;1628909;FLN-Injection-KWH-02;1628909_7_8_2;;;
iSolarCloud;1628909;FLN-Injection-PQM-01;1628909_7_5_2;;;
iSolarCloud;1628909;FLN-Injection-KWH-01;1628909_7_4_2;;Revenue;
iSolarCloud;1637095;CPBDG-PM-ACSB;1637095_7_16_1;;;
iSolarCloud;1637095;CPBDG-EM-POI;1637095_7_15_1;;Revenue;
iSolarCloud;1637095;Meter1;1637095_7_14_1;;;
iSolarCloud;1637816;CPMAD-PM-ACSB-02;1637816_7_18_1;;;
iSolarCloud;1637816;CPMAD-PM-ACSB-01;1637816_7_17_1;;;
iSolarCloud;1637816;CPMAD-EM-POI-02;1637816_7_16_1;;Revenue;
iSolarCloud;1637816;CPMAD-EM-POI-01;1637816_7_15_1;;Revenue;
iSolarCloud;1637816;Meter2;1637816_7_14_1;;;
iSolarCloud;1637816;Meter1;1637816_7_13_1;;;
iSolarCloud;1680199;Meter-Exim;1680199_7_21_1;;;
iSolarCloud;1680199;Meter-COMM-02;1680199_7_15_2;;;
iSolarCloud;1680199;Meter-PQM-01;1680199_7_20_1;;;
iSolarCloud;1680199;Meter-COMM-01;1680199_7_19_1;;;
iSolarCloud;1680199;Meter-PQM-02;1680199_7_14_2;;;
iSolarCloud;1680199;Meter-kWh-01(new);1680199_7_14_1;;Revenue;
iSolarCloud;1680199;Meter-kWh-01;1680199_7_18_1;;Revenue;
iSolarCloud;1680199;Meter-kWh-02;1680199_7_13_2;;Revenue;
iSolarCloud;1680199;Meter-ACSB-POI2;1680199_7_10_2;;;
iSolarCloud;1680199;Meter-PQM-POI1;1680199_7_17_1;;;
iSolarCloud;1680199;Meter-ACSB-POI1;1680199_7_12_1;;;
iSolarCloud;1763661;Production Meter EM MV;1763661_7_22_1;;Revenue;
iSolarCloud;1722752;Meter;1722752_7_2_1;;Revenue;
iSolarCloud;1723575;MeterSamatorSemarang;1723575_7_2_1;;Revenue;
iSolarCloud;1723575;Meter2;1723575_7_4_1;;Revenue;
iSolarCloud;1728142;Meter;1728142_7_2_1;;Revenue;
iSolarCloud;1730375;MeterSamatorSolo;1730375_7_2_1;;Revenue;
iSolarCloud;1730375;Meter2;1730375_7_4_1;;Revenue;
iSolarCloud;1731512;MeterSamatorBali;1731512_7_1_1;;Revenue;
iSolarCloud;1731512;Meter2;1731512_7_3_1;;Revenue;
iSolarCloud;1734912;Meter;1734912_7_2_1;;Revenue;
iSolarCloud;1789614;WT-RM-01;1789614_7_7_1;;Revenue;
