source;site_id;site_name;inverter_no;inverter_sn;inverter_id;inverter_name;inverter_ac_capacity_kw;inverter_model;inverter_manufacturer;inverter_dc_capacity_kw;mppt_count;is_active;valid_from;valid_to;notes
dim_assets_auto;1445767;Garuda Metalindo (IKP);1;1445767_1_1_1;1445767_1_1_1;;;;;;;True;;;
dim_assets_auto;1445767;Garuda Metalindo (IKP);2;1445767_1_3_1;1445767_1_3_1;;;;;;;True;;;
dim_assets_auto;1445767;Garuda Metalindo (IKP);3;1445767_1_2_1;1445767_1_2_1;;;;;;;True;;;
dim_assets_auto;1449886;Garuda Metalindo (MPF);1;1449886_1_3_1;1449886_1_3_1;;;;;;;True;;;
dim_assets_auto;1449886;Garuda Metalindo (MPF);2;1449886_1_1_1;1449886_1_1_1;;;;;;;True;;;
dim_assets_auto;1449886;Garuda Metalindo (MPF);3;1449886_1_2_1;1449886_1_2_1;;;;;;;True;;;
dim_assets_auto;1453245;Garuda Metalindo 2;1;1453245_1_6_1;1453245_1_6_1;;;;;;;True;;;
dim_assets_auto;1453245;Garuda Metalindo 2;2;1453245_1_5_1;1453245_1_5_1;;;;;;;True;;;
dim_assets_auto;1453245;Garuda Metalindo 2;3;1453245_1_4_1;1453245_1_4_1;;;;;;;True;;;
dim_assets_auto;1453245;Garuda Metalindo 2;4;1453245_1_3_1;1453245_1_3_1;;;;;;;True;;;
dim_assets_auto;1453245;Garuda Metalindo 2;5;1453245_1_1_1;1453245_1_1_1;;;;;;;True;;;
dim_assets_auto;1453245;Garuda Metalindo 2;6;1453245_1_2_1;1453245_1_2_1;;;;;;;True;;;
dim_assets_auto;1458125;Garuda Metalindo 1;1;1458125_1_6_1;1458125_1_6_1;;;;;;;True;;;
dim_assets_auto;1458125;Garuda Metalindo 1;2;1458125_1_29_1;1458125_1_29_1;;;;;;;True;;;
dim_assets_auto;1458125;Garuda Metalindo 1;3;1458125_1_5_1;1458125_1_5_1;;;;;;;True;;;
dim_assets_auto;1458125;Garuda Metalindo 1;4;1458125_1_32_1;1458125_1_32_1;;;;;;;True;;;
dim_assets_auto;1458125;Garuda Metalindo 1;5;1458125_1_30_1;1458125_1_30_1;;;;;;;True;;;
dim_assets_auto;1458125;Garuda Metalindo 1;6;1458125_1_3_1;1458125_1_3_1;;;;;;;True;;;
dim_assets_auto;1479456;Shoetown Ligung Indonesia;1;1479456_1_5_2;1479456_1_5_2;;;;;;;True;;;
dim_assets_auto;1479456;Shoetown Ligung Indonesia;2;1479456_1_1_2;1479456_1_1_2;;;;;;;True;;;
dim_assets_auto;1479456;Shoetown Ligung Indonesia;3;1479456_1_2_2;1479456_1_2_2;;;;;;;True;;;
dim_assets_auto;1479456;Shoetown Ligung Indonesia;4;1479456_1_3_2;1479456_1_3_2;;;;;;;True;;;
dim_assets_auto;1479456;Shoetown Ligung Indonesia;5;1479456_1_4_2;1479456_1_4_2;;;;;;;True;;;
dim_assets_auto;1479456;Shoetown Ligung Indonesia;6;1479456_1_8_2;1479456_1_8_2;;;;;;;True;;;
dim_assets_auto;1479456;Shoetown Ligung Indonesia;7;1479456_1_10_1;1479456_1_10_1;;;;;;;True;;;
dim_assets_auto;1479456;Shoetown Ligung Indonesia;8;1479456_1_12_1;1479456_1_12_1;;;;;;;True;;;
dim_assets_auto;1479456;Shoetown Ligung Indonesia;9;1479456_1_6_1;1479456_1_6_1;;;;;;;True;;;
dim_assets_auto;1479456;Shoetown Ligung Indonesia;10;1479456_1_9_1;1479456_1_9_1;;;;;;;True;;;
dim_assets_auto;1479456;Shoetown Ligung Indonesia;11;1479456_1_11_1;1479456_1_11_1;;;;;;;True;;;
dim_assets_auto;1479456;Shoetown Ligung Indonesia;12;1479456_1_15_1;1479456_1_15_1;;;;;;;True;;;
dim_assets_auto;1614122;Charoen Pokphand Majalengka;1;1614122_1_1_1;1614122_1_1_1;;;;;;;True;;;
dim_assets_auto;1614122;Charoen Pokphand Majalengka;2;1614122_1_2_1;1614122_1_2_1;;;;;;;True;;;
dim_assets_auto;1614122;Charoen Pokphand Majalengka;3;1614122_1_4_1;1614122_1_4_1;;;;;;;True;;;
dim_assets_auto;1614122;Charoen Pokphand Majalengka;4;1614122_1_5_1;1614122_1_5_1;;;;;;;True;;;
dim_assets_auto;1614122;Charoen Pokphand Majalengka;5;1614122_1_6_1;1614122_1_6_1;;;;;;;True;;;
dim_assets_auto;1614122;Charoen Pokphand Majalengka;6;1614122_1_7_1;1614122_1_7_1;;;;;;;True;;;
dim_assets_auto;1614122;Charoen Pokphand Majalengka;7;1614122_1_3_1;1614122_1_3_1;;;;;;;True;;;
dim_assets_auto;1628909;PLTS Frina Lestari Nusantara;1;1628909_1_1_1;1628909_1_1_1;;;;;;;True;;;
iSolarCloud;1628909;PLTS Frina Lestari Nusantara;1;A2511716323;1628909_1_1_1;;;;;;;True;;;
dim_assets_auto;1628909;PLTS Frina Lestari Nusantara;2;1628909_1_2_1;1628909_1_2_1;;;;;;;True;;;
iSolarCloud;1628909;PLTS Frina Lestari Nusantara;2;A2511120009;1628909_1_2_1;;;;;;;True;;;
dim_assets_auto;1628909;PLTS Frina Lestari Nusantara;3;1628909_1_3_1;1628909_1_3_1;;;;;;;True;;;
iSolarCloud;1628909;PLTS Frina Lestari Nusantara;3;A2511120038;1628909_1_3_1;;;;;;;True;;;
dim_assets_auto;1628909;PLTS Frina Lestari Nusantara;4;1628909_1_4_1;1628909_1_4_1;;;;;;;True;;;
iSolarCloud;1628909;PLTS Frina Lestari Nusantara;4;A2511120157;1628909_1_4_1;;;;;;;True;;;
iSolarCloud;1628909;PLTS Frina Lestari Nusantara;5;A2510700171;;;;;;;;True;;;
iSolarCloud;1628909;PLTS Frina Lestari Nusantara;6;A2510700142;;;;;;;;True;;;
iSolarCloud;1628909;PLTS Frina Lestari Nusantara;7;A2511120226;;;;;;;;True;;;
dim_assets_auto;1637095;Charoen Pokphand Bandung;1;1637095_1_5_1;1637095_1_5_1;;;;;;;True;;;
dim_assets_auto;1637095;Charoen Pokphand Bandung;2;1637095_1_6_1;1637095_1_6_1;;;;;;;True;;;
dim_assets_auto;1637095;Charoen Pokphand Bandung;3;1637095_1_4_1;1637095_1_4_1;;;;;;;True;;;
dim_assets_auto;1637095;Charoen Pokphand Bandung;4;1637095_1_8_1;1637095_1_8_1;;;;;;;True;;;
dim_assets_auto;1637095;Charoen Pokphand Bandung;5;1637095_1_2_1;1637095_1_2_1;;;;;;;True;;;
dim_assets_auto;1637095;Charoen Pokphand Bandung;6;1637095_1_1_1;1637095_1_1_1;;;;;;;True;;;
dim_assets_auto;1637095;Charoen Pokphand Bandung;7;1637095_1_10_1;1637095_1_10_1;;;;;;;True;;;
dim_assets_auto;1637095;Charoen Pokphand Bandung;8;1637095_1_7_1;1637095_1_7_1;;;;;;;True;;;
dim_assets_auto;1637095;Charoen Pokphand Bandung;9;1637095_1_3_1;1637095_1_3_1;;;;;;;True;;;
dim_assets_auto;1637095;Charoen Pokphand Bandung;10;1637095_1_9_1;1637095_1_9_1;;;;;;;True;;;
dim_assets_auto;1637816;Charoen Pokphand Madiun;1;1637816_1_1_1;1637816_1_1_1;;;;;;;True;;;
dim_assets_auto;1637816;Charoen Pokphand Madiun;2;1637816_1_4_1;1637816_1_4_1;;;;;;;True;;;
dim_assets_auto;1637816;Charoen Pokphand Madiun;3;1637816_1_3_1;1637816_1_3_1;;;;;;;True;;;
dim_assets_auto;1637816;Charoen Pokphand Madiun;4;1637816_1_7_1;1637816_1_7_1;;;;;;;True;;;
dim_assets_auto;1637816;Charoen Pokphand Madiun;5;1637816_1_5_1;1637816_1_5_1;;;;;;;True;;;
dim_assets_auto;1637816;Charoen Pokphand Madiun;6;1637816_1_2_1;1637816_1_2_1;;;;;;;True;;;
dim_assets_auto;1637816;Charoen Pokphand Madiun;7;1637816_1_6_1;1637816_1_6_1;;;;;;;True;;;
dim_assets_auto;1680199;PLTS Rooftop Sumatera Prima Fibreboard;1;1680199_1_1_1;1680199_1_1_1;;;;;;;True;;;
dim_assets_auto;1680199;PLTS Rooftop Sumatera Prima Fibreboard;2;1680199_1_9_1;1680199_1_9_1;;;;;;;True;;;
dim_assets_auto;1680199;PLTS Rooftop Sumatera Prima Fibreboard;3;1680199_1_2_1;1680199_1_2_1;;;;;;;True;;;
dim_assets_auto;1680199;PLTS Rooftop Sumatera Prima Fibreboard;4;1680199_1_7_1;1680199_1_7_1;;;;;;;True;;;
dim_assets_auto;1680199;PLTS Rooftop Sumatera Prima Fibreboard;5;1680199_1_3_1;1680199_1_3_1;;;;;;;True;;;
dim_assets_auto;1680199;PLTS Rooftop Sumatera Prima Fibreboard;6;1680199_1_4_1;1680199_1_4_1;;;;;;;True;;;
dim_assets_auto;1680199;PLTS Rooftop Sumatera Prima Fibreboard;7;1680199_1_8_1;1680199_1_8_1;;;;;;;True;;;
dim_assets_auto;1680199;PLTS Rooftop Sumatera Prima Fibreboard;8;1680199_1_5_1;1680199_1_5_1;;;;;;;True;;;
dim_assets_auto;1680199;PLTS Rooftop Sumatera Prima Fibreboard;9;1680199_1_6_1;1680199_1_6_1;;;;;;;True;;;
dim_assets_auto;1680199;PLTS Rooftop Sumatera Prima Fibreboard;10;1680199_1_5_2;1680199_1_5_2;;;;;;;True;;;
dim_assets_auto;1680199;PLTS Rooftop Sumatera Prima Fibreboard;11;1680199_1_9_2;1680199_1_9_2;;;;;;;True;;;
dim_assets_auto;1680199;PLTS Rooftop Sumatera Prima Fibreboard;12;1680199_1_7_2;1680199_1_7_2;;;;;;;True;;;
dim_assets_auto;1680199;PLTS Rooftop Sumatera Prima Fibreboard;13;1680199_1_6_2;1680199_1_6_2;;;;;;;True;;;
dim_assets_auto;1680199;PLTS Rooftop Sumatera Prima Fibreboard;14;1680199_1_8_2;1680199_1_8_2;;;;;;;True;;;
dim_assets_auto;1680199;PLTS Rooftop Sumatera Prima Fibreboard;15;1680199_1_3_2;1680199_1_3_2;;;;;;;True;;;
dim_assets_auto;1680199;PLTS Rooftop Sumatera Prima Fibreboard;16;1680199_1_2_2;1680199_1_2_2;;;;;;;True;;;
dim_assets_auto;1680199;PLTS Rooftop Sumatera Prima Fibreboard;17;1680199_1_4_2;1680199_1_4_2;;;;;;;True;;;
dim_assets_auto;1680199;PLTS Rooftop Sumatera Prima Fibreboard;18;1680199_1_1_2;1680199_1_1_2;;;;;;;True;;;
dim_assets_auto;1763661;PLTS On Grid Sorini Towa Berlian Corporindo;1;1763661_1_1_1;1763661_1_1_1;;;;;;;True;;;
dim_assets_auto;1763661;PLTS On Grid Sorini Towa Berlian Corporindo;2;1763661_1_2_1;1763661_1_2_1;;;;;;;True;;;
dim_assets_auto;1763661;PLTS On Grid Sorini Towa Berlian Corporindo;3;1763661_1_3_1;1763661_1_3_1;;;;;;;True;;;
dim_assets_auto;1763661;PLTS On Grid Sorini Towa Berlian Corporindo;4;1763661_1_4_1;1763661_1_4_1;;;;;;;True;;;
dim_assets_auto;1763661;PLTS On Grid Sorini Towa Berlian Corporindo;5;1763661_1_7_1;1763661_1_7_1;;;;;;;True;;;
dim_assets_auto;1763661;PLTS On Grid Sorini Towa Berlian Corporindo;6;1763661_1_10_1;1763661_1_10_1;;;;;;;True;;;
dim_assets_auto;1763661;PLTS On Grid Sorini Towa Berlian Corporindo;7;1763661_1_8_1;1763661_1_8_1;;;;;;;True;;;
dim_assets_auto;1763661;PLTS On Grid Sorini Towa Berlian Corporindo;8;1763661_1_9_1;1763661_1_9_1;;;;;;;True;;;
dim_assets_auto;1763661;PLTS On Grid Sorini Towa Berlian Corporindo;9;1763661_1_6_1;1763661_1_6_1;;;;;;;True;;;
dim_assets_auto;1763661;PLTS On Grid Sorini Towa Berlian Corporindo;10;1763661_1_5_1;1763661_1_5_1;;;;;;;True;;;
dim_assets_auto;1763661;PLTS On Grid Sorini Towa Berlian Corporindo;11;1763661_1_25_1;1763661_1_25_1;;;;;;;True;;;
dim_assets_auto;1763661;PLTS On Grid Sorini Towa Berlian Corporindo;12;1763661_1_26_1;1763661_1_26_1;;;;;;;True;;;
dim_assets_auto;1763661;PLTS On Grid Sorini Towa Berlian Corporindo;13;1763661_1_27_1;1763661_1_27_1;;;;;;;True;;;
dim_assets_auto;1763661;PLTS On Grid Sorini Towa Berlian Corporindo;14;1763661_1_28_1;1763661_1_28_1;;;;;;;True;;;
dim_assets_auto;1763661;PLTS On Grid Sorini Towa Berlian Corporindo;15;1763661_1_29_1;1763661_1_29_1;;;;;;;True;;;
dim_assets_auto;1763661;PLTS On Grid Sorini Towa Berlian Corporindo;16;1763661_1_30_1;1763661_1_30_1;;;;;;;True;;;
dim_assets_auto;1763661;PLTS On Grid Sorini Towa Berlian Corporindo;17;1763661_1_31_1;1763661_1_31_1;;;;;;;True;;;
dim_assets_auto;1763661;PLTS On Grid Sorini Towa Berlian Corporindo;18;1763661_1_32_1;1763661_1_32_1;;;;;;;True;;;
dim_assets_auto;1763661;PLTS On Grid Sorini Towa Berlian Corporindo;19;1763661_1_33_1;1763661_1_33_1;;;;;;;True;;;
dim_assets_auto;1763661;PLTS On Grid Sorini Towa Berlian Corporindo;20;1763661_1_34_1;1763661_1_34_1;;;;;;;True;;;
dim_assets_auto;1789614;PLTS Rooftop Weiss Tech;1;1789614_1_1_1;1789614_1_1_1;;;;;;;True;;;
dim_assets_auto;1789614;PLTS Rooftop Weiss Tech;2;1789614_1_2_1;1789614_1_2_1;;;;;;;True;;;
dim_assets_auto;1789614;PLTS Rooftop Weiss Tech;3;1789614_1_3_1;1789614_1_3_1;;;;;;;True;;;
dim_assets_auto;1789614;PLTS Rooftop Weiss Tech;4;1789614_1_4_1;1789614_1_4_1;;;;;;;True;;;
dim_assets_auto;NE=50488260;PT. MMKI 1.75 MWp - Painting Building;1;6T2479000655;6T2479000655;;;;;;;True;;;
FusionSolar;NE=50488260;PT. MMKI 1.75 MWp - Painting Building;1;6T2279046110;6T2279046110;;;;;;;True;;;
dim_assets_auto;NE=50488260;PT. MMKI 1.75 MWp - Painting Building;2;6T2279046295;6T2279046295;;;;;;;True;;;
FusionSolar;NE=50488260;PT. MMKI 1.75 MWp - Painting Building;2;6T2279046295;6T2279046295;;;;;;;True;;;
dim_assets_auto;NE=50488260;PT. MMKI 1.75 MWp - Painting Building;3;6T2279046167;6T2279046167;;;;;;;True;;;
FusionSolar;NE=50488260;PT. MMKI 1.75 MWp - Painting Building;3;6T2279046167;6T2279046167;;;;;;;True;;;
dim_assets_auto;NE=50488260;PT. MMKI 1.75 MWp - Painting Building;4;6T2279046169;6T2279046169;;;;;;;True;;;
FusionSolar;NE=50488260;PT. MMKI 1.75 MWp - Painting Building;4;6T2279046169;6T2279046169;;;;;;;True;;;
dim_assets_auto;NE=50488260;PT. MMKI 1.75 MWp - Painting Building;5;6T2279046294;6T2279046294;;;;;;;True;;;
FusionSolar;NE=50488260;PT. MMKI 1.75 MWp - Painting Building;5;6T2279046294;6T2279046294;;;;;;;True;;;
dim_assets_auto;NE=50488260;PT. MMKI 1.75 MWp - Painting Building;6;6T2279046115;6T2279046115;;;;;;;True;;;
FusionSolar;NE=50488260;PT. MMKI 1.75 MWp - Painting Building;6;6T2279046115;6T2279046115;;;;;;;True;;;
dim_assets_auto;NE=50488260;PT. MMKI 1.75 MWp - Painting Building;7;6T2479006915;6T2479006915;;;;;;;True;;;
FusionSolar;NE=50488260;PT. MMKI 1.75 MWp - Painting Building;7;6T2279046210;6T2279046210;;;;;;;True;;;
dim_assets_auto;NE=50488260;PT. MMKI 1.75 MWp - Painting Building;8;6T2279046136;6T2279046136;;;;;;;True;;;
FusionSolar;NE=50488260;PT. MMKI 1.75 MWp - Painting Building;8;6T2279046136;6T2279046136;;;;;;;True;;;
dim_assets_auto;NE=51758766;PT. MMKI 5.7 MWp - Phase 2;1;ES23C0062801;ES23C0062801;;;;;;;True;;;
FusionSolar;NE=51758766;PT. MMKI 5.7 MWp - Phase 2;1;ES23C0062801;ES23C0062801;;;;;;;True;;;
dim_assets_auto;NE=51758766;PT. MMKI 5.7 MWp - Phase 2;2;ES23C0062722;ES23C0062722;;;;;;;True;;;
FusionSolar;NE=51758766;PT. MMKI 5.7 MWp - Phase 2;2;ES23C0062722;ES23C0062722;;;;;;;True;;;
dim_assets_auto;NE=51758766;PT. MMKI 5.7 MWp - Phase 2;3;ES23C0062727;ES23C0062727;;;;;;;True;;;
FusionSolar;NE=51758766;PT. MMKI 5.7 MWp - Phase 2;3;ES23C0062727;ES23C0062727;;;;;;;True;;;
dim_assets_auto;NE=51758766;PT. MMKI 5.7 MWp - Phase 2;4;ES23C0010500;ES23C0010500;;;;;;;True;;;
FusionSolar;NE=51758766;PT. MMKI 5.7 MWp - Phase 2;4;ES23C0010500;ES23C0010500;;;;;;;True;;;
dim_assets_auto;NE=51758766;PT. MMKI 5.7 MWp - Phase 2;5;ES23B0070181;ES23B0070181;;;;;;;True;;;
FusionSolar;NE=51758766;PT. MMKI 5.7 MWp - Phase 2;5;ES23B0070181;ES23B0070181;;;;;;;True;;;
dim_assets_auto;NE=51758766;PT. MMKI 5.7 MWp - Phase 2;6;ES23C0062729;ES23C0062729;;;;;;;True;;;
FusionSolar;NE=51758766;PT. MMKI 5.7 MWp - Phase 2;6;ES23C0062729;ES23C0062729;;;;;;;True;;;
dim_assets_auto;NE=51758766;PT. MMKI 5.7 MWp - Phase 2;7;ES23C0063686;ES23C0063686;;;;;;;True;;;
FusionSolar;NE=51758766;PT. MMKI 5.7 MWp - Phase 2;7;ES23C0063686;ES23C0063686;;;;;;;True;;;
dim_assets_auto;NE=51758766;PT. MMKI 5.7 MWp - Phase 2;8;ES23B0069171;ES23B0069171;;;;;;;True;;;
FusionSolar;NE=51758766;PT. MMKI 5.7 MWp - Phase 2;8;ES23B0069171;ES23B0069171;;;;;;;True;;;
dim_assets_auto;NE=51758766;PT. MMKI 5.7 MWp - Phase 2;9;ES23B0069145;ES23B0069145;;;;;;;True;;;
FusionSolar;NE=51758766;PT. MMKI 5.7 MWp - Phase 2;9;ES23B0069145;ES23B0069145;;;;;;;True;;;
dim_assets_auto;NE=51758766;PT. MMKI 5.7 MWp - Phase 2;10;ES23C0063684;ES23C0063684;;;;;;;True;;;
FusionSolar;NE=51758766;PT. MMKI 5.7 MWp - Phase 2;10;ES23C0063684;ES23C0063684;;;;;;;True;;;
dim_assets_auto;NE=51758766;PT. MMKI 5.7 MWp - Phase 2;11;ES23C0063679;ES23C0063679;;;;;;;True;;;
FusionSolar;NE=51758766;PT. MMKI 5.7 MWp - Phase 2;11;ES23C0063679;ES23C0063679;;;;;;;True;;;
dim_assets_auto;NE=51758766;PT. MMKI 5.7 MWp - Phase 2;12;ES23C0063695;ES23C0063695;;;;;;;True;;;
FusionSolar;NE=51758766;PT. MMKI 5.7 MWp - Phase 2;12;ES23C0063695;ES23C0063695;;;;;;;True;;;
dim_assets_auto;NE=51758766;PT. MMKI 5.7 MWp - Phase 2;13;ES23C0063719;ES23C0063719;;;;;;;True;;;
FusionSolar;NE=51758766;PT. MMKI 5.7 MWp - Phase 2;13;ES23C0063719;ES23C0063719;;;;;;;True;;;
dim_assets_auto;NE=51758766;PT. MMKI 5.7 MWp - Phase 2;14;ES23C0063687;ES23C0063687;;;;;;;True;;;
FusionSolar;NE=51758766;PT. MMKI 5.7 MWp - Phase 2;14;ES23C0063687;ES23C0063687;;;;;;;True;;;
dim_assets_auto;NE=51758766;PT. MMKI 5.7 MWp - Phase 2;15;ES23B0074223;ES23B0074223;;;;;;;True;;;
FusionSolar;NE=51758766;PT. MMKI 5.7 MWp - Phase 2;15;ES23B0074223;ES23B0074223;;;;;;;True;;;
dim_assets_auto;NE=51758766;PT. MMKI 5.7 MWp - Phase 2;16;ES23C0063664;ES23C0063664;;;;;;;True;;;
FusionSolar;NE=51758766;PT. MMKI 5.7 MWp - Phase 2;16;ES23C0063664;ES23C0063664;;;;;;;True;;;
dim_assets_auto;NE=51758766;PT. MMKI 5.7 MWp - Phase 2;17;ES23C0063602;ES23C0063602;;;;;;;True;;;
FusionSolar;NE=51758766;PT. MMKI 5.7 MWp - Phase 2;17;ES23C0063602;ES23C0063602;;;;;;;True;;;
dim_assets_auto;NE=53771627;PLTS Mall Panakkukang;1;6T2379007580;6T2379007580;;;;;;;True;;;
fusionsolar_auto;NE=53771627;PLTS Mall Panakkukang;1;6T2379007580;6T2379007580;;;;;;;True;;;
dim_assets_auto;NE=53771627;PLTS Mall Panakkukang;2;6T2379007554;6T2379007554;;;;;;;True;;;
fusionsolar_auto;NE=53771627;PLTS Mall Panakkukang;2;6T2379007554;6T2379007554;;;;;;;True;;;
dim_assets_auto;NE=53771627;PLTS Mall Panakkukang;3;6T2379017410;6T2379017410;;;;;;;True;;;
fusionsolar_auto;NE=53771627;PLTS Mall Panakkukang;3;6T2379017410;6T2379017410;;;;;;;True;;;
dim_assets_auto;NE=53771627;PLTS Mall Panakkukang;4;6T2379016740;6T2379016740;;;;;;;True;;;
fusionsolar_auto;NE=53771627;PLTS Mall Panakkukang;4;6T2379016740;6T2379016740;;;;;;;True;;;
dim_assets_auto;NE=53771627;PLTS Mall Panakkukang;5;6T2379017158;6T2379017158;;;;;;;True;;;
fusionsolar_auto;NE=53771627;PLTS Mall Panakkukang;5;6T2379017158;6T2379017158;;;;;;;True;;;
dim_assets_auto;NE=53771627;PLTS Mall Panakkukang;6;6T2379008229;6T2379008229;;;;;;;True;;;
fusionsolar_auto;NE=53771627;PLTS Mall Panakkukang;6;6T2379008229;6T2379008229;;;;;;;True;;;
dim_assets_auto;NE=53771627;PLTS Mall Panakkukang;7;6T2379017426;6T2379017426;;;;;;;True;;;
fusionsolar_auto;NE=53771627;PLTS Mall Panakkukang;7;6T2379017426;6T2379017426;;;;;;;True;;;
dim_assets_auto;NE=53771627;PLTS Mall Panakkukang;8;6T2379016755;6T2379016755;;;;;;;True;;;
fusionsolar_auto;NE=53771627;PLTS Mall Panakkukang;8;6T2379016755;6T2379016755;;;;;;;True;;;
dim_assets_auto;NE=53771627;PLTS Mall Panakkukang;9;6T2379008251;6T2379008251;;;;;;;True;;;
fusionsolar_auto;NE=53771627;PLTS Mall Panakkukang;9;6T2379008251;6T2379008251;;;;;;;True;;;
dim_assets_auto;NE=53771627;PLTS Mall Panakkukang;10;6T2379017166;6T2379017166;;;;;;;True;;;
fusionsolar_auto;NE=53771627;PLTS Mall Panakkukang;10;6T2379017166;6T2379017166;;;;;;;True;;;
dim_assets_auto;NE=54435794;PT. Pusan Manis Mulia 2.06 MWp - Tangerang;1;6T2499011624;6T2499011624;;;;;;;True;;;
fusionsolar_auto;NE=54435794;PT. Pusan Manis Mulia 2.06 MWp - Tangerang;1;6T2499011624;6T2499011624;;;;;;;True;;;
dim_assets_auto;NE=54435794;PT. Pusan Manis Mulia 2.06 MWp - Tangerang;2;6T2499004894;6T2499004894;;;;;;;True;;;
fusionsolar_auto;NE=54435794;PT. Pusan Manis Mulia 2.06 MWp - Tangerang;2;6T2499004894;6T2499004894;;;;;;;True;;;
dim_assets_auto;NE=54435794;PT. Pusan Manis Mulia 2.06 MWp - Tangerang;3;6T2499004898;6T2499004898;;;;;;;True;;;
fusionsolar_auto;NE=54435794;PT. Pusan Manis Mulia 2.06 MWp - Tangerang;3;6T2499004898;6T2499004898;;;;;;;True;;;
dim_assets_auto;NE=54435794;PT. Pusan Manis Mulia 2.06 MWp - Tangerang;4;6T2499004896;6T2499004896;;;;;;;True;;;
fusionsolar_auto;NE=54435794;PT. Pusan Manis Mulia 2.06 MWp - Tangerang;4;6T2499004896;6T2499004896;;;;;;;True;;;
dim_assets_auto;NE=54435794;PT. Pusan Manis Mulia 2.06 MWp - Tangerang;5;6T2499004882;6T2499004882;;;;;;;True;;;
fusionsolar_auto;NE=54435794;PT. Pusan Manis Mulia 2.06 MWp - Tangerang;5;6T2499004882;6T2499004882;;;;;;;True;;;
dim_assets_auto;NE=54435794;PT. Pusan Manis Mulia 2.06 MWp - Tangerang;6;6T2499011611;6T2499011611;;;;;;;True;;;
fusionsolar_auto;NE=54435794;PT. Pusan Manis Mulia 2.06 MWp - Tangerang;6;6T2499011611;6T2499011611;;;;;;;True;;;
dim_assets_auto;NE=54435794;PT. Pusan Manis Mulia 2.06 MWp - Tangerang;7;6T24A9036297;6T24A9036297;;;;;;;True;;;
fusionsolar_auto;NE=54435794;PT. Pusan Manis Mulia 2.06 MWp - Tangerang;7;6T24A9036297;6T24A9036297;;;;;;;True;;;
dim_assets_auto;NE=54435794;PT. Pusan Manis Mulia 2.06 MWp - Tangerang;8;6T2499011643;6T2499011643;;;;;;;True;;;
fusionsolar_auto;NE=54435794;PT. Pusan Manis Mulia 2.06 MWp - Tangerang;8;6T2499011643;6T2499011643;;;;;;;True;;;
dim_assets_auto;NE=54435794;PT. Pusan Manis Mulia 2.06 MWp - Tangerang;9;6T2499004921;6T2499004921;;;;;;;True;;;
fusionsolar_auto;NE=54435794;PT. Pusan Manis Mulia 2.06 MWp - Tangerang;9;6T2499004921;6T2499004921;;;;;;;True;;;
dim_assets_auto;NE=54435794;PT. Pusan Manis Mulia 2.06 MWp - Tangerang;10;6T2499011617;6T2499011617;;;;;;;True;;;
fusionsolar_auto;NE=54435794;PT. Pusan Manis Mulia 2.06 MWp - Tangerang;10;6T2499011617;6T2499011617;;;;;;;True;;;
dim_assets_auto;NE=54435794;PT. Pusan Manis Mulia 2.06 MWp - Tangerang;11;6T2499004897;6T2499004897;;;;;;;True;;;
fusionsolar_auto;NE=54435794;PT. Pusan Manis Mulia 2.06 MWp - Tangerang;11;6T2499004897;6T2499004897;;;;;;;True;;;
dim_assets_auto;NE=54435794;PT. Pusan Manis Mulia 2.06 MWp - Tangerang;12;6T24A9036732;6T24A9036732;;;;;;;True;;;
fusionsolar_auto;NE=54435794;PT. Pusan Manis Mulia 2.06 MWp - Tangerang;12;6T24A9036732;6T24A9036732;;;;;;;True;;;
dim_assets_auto;NE=54435794;PT. Pusan Manis Mulia 2.06 MWp - Tangerang;13;6T2499011620;6T2499011620;;;;;;;True;;;
fusionsolar_auto;NE=54435794;PT. Pusan Manis Mulia 2.06 MWp - Tangerang;13;6T2499011620;6T2499011620;;;;;;;True;;;
dim_assets_auto;NE=54435794;PT. Pusan Manis Mulia 2.06 MWp - Tangerang;14;6T2499011626;6T2499011626;;;;;;;True;;;
fusionsolar_auto;NE=54435794;PT. Pusan Manis Mulia 2.06 MWp - Tangerang;14;6T2499011626;6T2499011626;;;;;;;True;;;
dim_assets_auto;NE=58630782;PT. MMKI 4.292 MWP - Phase 3;1;GR24A9027487;GR24A9027487;;;;;;;True;;;
FusionSolar;NE=58630782;PT. MMKI 4.292 MWP - Phase 3;1;GR24A9027487;GR24A9027487;;;;;;;True;;;
dim_assets_auto;NE=58630782;PT. MMKI 4.292 MWP - Phase 3;2;GR24A9027459;GR24A9027459;;;;;;;True;;;
FusionSolar;NE=58630782;PT. MMKI 4.292 MWP - Phase 3;2;GR24A9027459;GR24A9027459;;;;;;;True;;;
dim_assets_auto;NE=58630782;PT. MMKI 4.292 MWP - Phase 3;3;GR24A9027488;GR24A9027488;;;;;;;True;;;
FusionSolar;NE=58630782;PT. MMKI 4.292 MWP - Phase 3;3;GR24A9027488;GR24A9027488;;;;;;;True;;;
dim_assets_auto;NE=58630782;PT. MMKI 4.292 MWP - Phase 3;4;GR24B9001429;GR24B9001429;;;;;;;True;;;
FusionSolar;NE=58630782;PT. MMKI 4.292 MWP - Phase 3;4;GR24B9001429;GR24B9001429;;;;;;;True;;;
dim_assets_auto;NE=58630782;PT. MMKI 4.292 MWP - Phase 3;5;6T2479009797;6T2479009797;;;;;;;True;;;
FusionSolar;NE=58630782;PT. MMKI 4.292 MWP - Phase 3;5;6T2479009797;6T2479009797;;;;;;;True;;;
dim_assets_auto;NE=58630782;PT. MMKI 4.292 MWP - Phase 3;6;GR24A9006161;GR24A9006161;;;;;;;True;;;
FusionSolar;NE=58630782;PT. MMKI 4.292 MWP - Phase 3;6;GR24A9006161;GR24A9006161;;;;;;;True;;;
dim_assets_auto;NE=58630782;PT. MMKI 4.292 MWP - Phase 3;7;GR24B9001428;GR24B9001428;;;;;;;True;;;
FusionSolar;NE=58630782;PT. MMKI 4.292 MWP - Phase 3;7;GR24B9001428;GR24B9001428;;;;;;;True;;;
dim_assets_auto;NE=58630782;PT. MMKI 4.292 MWP - Phase 3;8;GR24A9022001;GR24A9022001;;;;;;;True;;;
FusionSolar;NE=58630782;PT. MMKI 4.292 MWP - Phase 3;8;GR24A9022001;GR24A9022001;;;;;;;True;;;
dim_assets_auto;NE=58630782;PT. MMKI 4.292 MWP - Phase 3;9;GR24A9022038;GR24A9022038;;;;;;;True;;;
FusionSolar;NE=58630782;PT. MMKI 4.292 MWP - Phase 3;9;GR24A9022038;GR24A9022038;;;;;;;True;;;
dim_assets_auto;NE=58630782;PT. MMKI 4.292 MWP - Phase 3;10;GR24A9022094;GR24A9022094;;;;;;;True;;;
FusionSolar;NE=58630782;PT. MMKI 4.292 MWP - Phase 3;10;GR24A9022094;GR24A9022094;;;;;;;True;;;
dim_assets_auto;NE=58630782;PT. MMKI 4.292 MWP - Phase 3;11;GR24A9022048;GR24A9022048;;;;;;;True;;;
FusionSolar;NE=58630782;PT. MMKI 4.292 MWP - Phase 3;11;GR24A9022048;GR24A9022048;;;;;;;True;;;
dim_assets_auto;NE=58630782;PT. MMKI 4.292 MWP - Phase 3;12;6T2479009782;6T2479009782;;;;;;;True;;;
FusionSolar;NE=58630782;PT. MMKI 4.292 MWP - Phase 3;12;6T2479009782;6T2479009782;;;;;;;True;;;
dim_assets_auto;NE=58630782;PT. MMKI 4.292 MWP - Phase 3;13;GR24B9001432;GR24B9001432;;;;;;;True;;;
FusionSolar;NE=58630782;PT. MMKI 4.292 MWP - Phase 3;13;GR24B9001432;GR24B9001432;;;;;;;True;;;
dim_assets_auto;NE=58630782;PT. MMKI 4.292 MWP - Phase 3;14;GR24A9027472;GR24A9027472;;;;;;;True;;;
FusionSolar;NE=58630782;PT. MMKI 4.292 MWP - Phase 3;14;GR24A9027472;GR24A9027472;;;;;;;True;;;
dim_assets_auto;NE=58630782;PT. MMKI 4.292 MWP - Phase 3;15;GR24B9001421;GR24B9001421;;;;;;;True;;;
FusionSolar;NE=58630782;PT. MMKI 4.292 MWP - Phase 3;15;GR24B9001421;GR24B9001421;;;;;;;True;;;
dim_assets_auto;NE=58630782;PT. MMKI 4.292 MWP - Phase 3;16;6T2489046655;6T2489046655;;;;;;;True;;;
FusionSolar;NE=58630782;PT. MMKI 4.292 MWP - Phase 3;16;6T2489046655;6T2489046655;;;;;;;True;;;
dim_assets_auto;NE=58630782;PT. MMKI 4.292 MWP - Phase 3;17;GR24B9001386;GR24B9001386;;;;;;;True;;;
FusionSolar;NE=58630782;PT. MMKI 4.292 MWP - Phase 3;17;GR24B9001386;GR24B9001386;;;;;;;True;;;
dim_assets_auto;NE=58630782;PT. MMKI 4.292 MWP - Phase 3;18;GR24A9027482;GR24A9027482;;;;;;;True;;;
FusionSolar;NE=58630782;PT. MMKI 4.292 MWP - Phase 3;18;GR24A9027482;GR24A9027482;;;;;;;True;;;
dim_assets_auto;NE=58630782;PT. MMKI 4.292 MWP - Phase 3;19;GR24B9001364;GR24B9001364;;;;;;;True;;;
FusionSolar;NE=58630782;PT. MMKI 4.292 MWP - Phase 3;19;GR24B9001364;GR24B9001364;;;;;;;True;;;
dim_assets_auto;NE=58630782;PT. MMKI 4.292 MWP - Phase 3;20;GR24B9001413;GR24B9001413;;;;;;;True;;;
FusionSolar;NE=58630782;PT. MMKI 4.292 MWP - Phase 3;20;GR24B9001413;GR24B9001413;;;;;;;True;;;
dim_assets_auto;NE=58630782;PT. MMKI 4.292 MWP - Phase 3;21;GR24B9026211;GR24B9026211;;;;;;;True;;;
FusionSolar;NE=58630782;PT. MMKI 4.292 MWP - Phase 3;21;GR24B9026211;GR24B9026211;;;;;;;True;;;
dim_assets_auto;NE=58630782;PT. MMKI 4.292 MWP - Phase 3;22;6T2489048832;6T2489048832;;;;;;;True;;;
FusionSolar;NE=58630782;PT. MMKI 4.292 MWP - Phase 3;22;6T2489048832;6T2489048832;;;;;;;True;;;
dim_assets_auto;NE=58630782;PT. MMKI 4.292 MWP - Phase 3;23;GR24B9001435;GR24B9001435;;;;;;;True;;;
FusionSolar;NE=58630782;PT. MMKI 4.292 MWP - Phase 3;23;GR24B9001435;GR24B9001435;;;;;;;True;;;
dim_assets_auto;NE=58630782;PT. MMKI 4.292 MWP - Phase 3;24;GR24B9001363;GR24B9001363;;;;;;;True;;;
FusionSolar;NE=58630782;PT. MMKI 4.292 MWP - Phase 3;24;GR24B9001363;GR24B9001363;;;;;;;True;;;
dim_assets_auto;NE=60951882;NE=60951882;13;102575100376;102575100376;;;;;;;True;;;
dim_assets_auto;NE=61847068;PT Gelora Djaja 1 MWp;1;ES2550107337;ES2550107337;;;;;;;True;;;
dim_assets_auto;NE=61847068;PT Gelora Djaja 1 MWp;2;ES2550107300;ES2550107300;;;;;;;True;;;
dim_assets_auto;NE=61847068;PT Gelora Djaja 1 MWp;3;ES2550107309;ES2550107309;;;;;;;True;;;
dim_assets_auto;NE=61847068;PT Gelora Djaja 1 MWp;4;ES2550107302;ES2550107302;;;;;;;True;;;
dim_assets_auto;NE=61847068;PT Gelora Djaja 1 MWp;5;ES2550107307;ES2550107307;;;;;;;True;;;
dim_assets_auto;NE=61847068;PT Gelora Djaja 1 MWp;6;ES2550152915;ES2550152915;;;;;;;True;;;
dim_assets_auto;NE=62806354;PLTS ONGRID PT SUPARMA TBK;1;ES2550107320;ES2550107320;;;;;;;True;;;
FusionSolar;NE=62806354;PLTS ONGRID PT SUPARMA TBK;1;ES2550107320;ES2550107320;;;;;;;True;;;
dim_assets_auto;NE=62806354;PLTS ONGRID PT SUPARMA TBK;2;ES2550107313;ES2550107313;;;;;;;True;;;
FusionSolar;NE=62806354;PLTS ONGRID PT SUPARMA TBK;2;ES2550107313;ES2550107313;;;;;;;True;;;
dim_assets_auto;NE=62806354;PLTS ONGRID PT SUPARMA TBK;3;ES2550107514;ES2550107514;;;;;;;True;;;
FusionSolar;NE=62806354;PLTS ONGRID PT SUPARMA TBK;3;ES2550107514;ES2550107514;;;;;;;True;;;
dim_assets_auto;NE=62806354;PLTS ONGRID PT SUPARMA TBK;4;ES2550107312;ES2550107312;;;;;;;True;;;
FusionSolar;NE=62806354;PLTS ONGRID PT SUPARMA TBK;4;ES2550107312;ES2550107312;;;;;;;True;;;
dim_assets_auto;NE=62806354;PLTS ONGRID PT SUPARMA TBK;5;ES2550107326;ES2550107326;;;;;;;True;;;
FusionSolar;NE=62806354;PLTS ONGRID PT SUPARMA TBK;5;ES2550107326;ES2550107326;;;;;;;True;;;
dim_assets_auto;NE=62806354;PLTS ONGRID PT SUPARMA TBK;6;ES2550107311;ES2550107311;;;;;;;True;;;
FusionSolar;NE=62806354;PLTS ONGRID PT SUPARMA TBK;6;ES2550107311;ES2550107311;;;;;;;True;;;
dim_assets_auto;NE=62806354;PLTS ONGRID PT SUPARMA TBK;7;ES2550107327;ES2550107327;;;;;;;True;;;
FusionSolar;NE=62806354;PLTS ONGRID PT SUPARMA TBK;7;ES2550107327;ES2550107327;;;;;;;True;;;
dim_assets_auto;NE=62806354;PLTS ONGRID PT SUPARMA TBK;8;ES2550107535;ES2550107535;;;;;;;True;;;
FusionSolar;NE=62806354;PLTS ONGRID PT SUPARMA TBK;8;ES2550107535;ES2550107535;;;;;;;True;;;
dim_assets_auto;NE=62806354;PLTS ONGRID PT SUPARMA TBK;9;ES2550107323;ES2550107323;;;;;;;True;;;
FusionSolar;NE=62806354;PLTS ONGRID PT SUPARMA TBK;9;ES2550107323;ES2550107323;;;;;;;True;;;
dim_assets_auto;NE=62806354;PLTS ONGRID PT SUPARMA TBK;10;ES2550107303;ES2550107303;;;;;;;True;;;
FusionSolar;NE=62806354;PLTS ONGRID PT SUPARMA TBK;10;ES2550107303;ES2550107303;;;;;;;True;;;
dim_assets_auto;NE=62806354;PLTS ONGRID PT SUPARMA TBK;11;ES2550107304;ES2550107304;;;;;;;True;;;
FusionSolar;NE=62806354;PLTS ONGRID PT SUPARMA TBK;11;ES2550107304;ES2550107304;;;;;;;True;;;
dim_assets_auto;NE=62806354;PLTS ONGRID PT SUPARMA TBK;12;ES2550107306;ES2550107306;;;;;;;True;;;
FusionSolar;NE=62806354;PLTS ONGRID PT SUPARMA TBK;12;ES2550107306;ES2550107306;;;;;;;True;;;
dim_assets_auto;NE=62806354;PLTS ONGRID PT SUPARMA TBK;13;ES2550107321;ES2550107321;;;;;;;True;;;
FusionSolar;NE=62806354;PLTS ONGRID PT SUPARMA TBK;13;ES2550107321;ES2550107321;;;;;;;True;;;
dim_assets_auto;NE=62806354;PLTS ONGRID PT SUPARMA TBK;14;ES2550107335;ES2550107335;;;;;;;True;;;
FusionSolar;NE=62806354;PLTS ONGRID PT SUPARMA TBK;14;ES2550107335;ES2550107335;;;;;;;True;;;
dim_assets_auto;NE=62806354;PLTS ONGRID PT SUPARMA TBK;15;ES2550107533;ES2550107533;;;;;;;True;;;
FusionSolar;NE=62806354;PLTS ONGRID PT SUPARMA TBK;15;ES2550107533;ES2550107533;;;;;;;True;;;
dim_assets_auto;NE=62806354;PLTS ONGRID PT SUPARMA TBK;16;ES2550107324;ES2550107324;;;;;;;True;;;
FusionSolar;NE=62806354;PLTS ONGRID PT SUPARMA TBK;16;ES2550107324;ES2550107324;;;;;;;True;;;
dim_assets_auto;NE=62806354;PLTS ONGRID PT SUPARMA TBK;17;ES2550107329;ES2550107329;;;;;;;True;;;
FusionSolar;NE=62806354;PLTS ONGRID PT SUPARMA TBK;17;ES2550107329;ES2550107329;;;;;;;True;;;
dim_assets_auto;NE=62806354;PLTS ONGRID PT SUPARMA TBK;18;ES2550107322;ES2550107322;;;;;;;True;;;
FusionSolar;NE=62806354;PLTS ONGRID PT SUPARMA TBK;18;ES2550107322;ES2550107322;;;;;;;True;;;
dim_assets_auto;NE=62806354;PLTS ONGRID PT SUPARMA TBK;19;ES2550107328;ES2550107328;;;;;;;True;;;
FusionSolar;NE=62806354;PLTS ONGRID PT SUPARMA TBK;19;ES2550107328;ES2550107328;;;;;;;True;;;
dim_assets_auto;NE=62806354;PLTS ONGRID PT SUPARMA TBK;20;ES2550152923;ES2550152923;;;;;;;True;;;
FusionSolar;NE=62806354;PLTS ONGRID PT SUPARMA TBK;20;ES2550152923;ES2550152923;;;;;;;True;;;
dim_assets_auto;NE=62806354;PLTS ONGRID PT SUPARMA TBK;21;ES2550107318;ES2550107318;;;;;;;True;;;
FusionSolar;NE=62806354;PLTS ONGRID PT SUPARMA TBK;21;ES2550107318;ES2550107318;;;;;;;True;;;
