"Source","site_id","dev_name","device_id","sensor_type"
"FusionSolar","NE=50488260","EMI-Enviro Sensor","EM00102287046729","GHI"
"FusionSolar","NE=50488260","EMI-EM06102287046729","EM06102287046729","POA"
"FusionSolar","NE=50488260","EMI-EM05102287046729","EM05102287046729","POA"
"FusionSolar","NE=50488260","EMI-EM04102287046729","EM04102287046729","POA"
"FusionSolar","NE=50488260","EMI-EM03102287046729","EM03102287046729","POA"
"FusionSolar","NE=50488260","EMI-EM09102287046729","EM09102287046729","POA"
"FusionSolar","NE=50488260","EMI-EM08102287046729","EM08102287046729","POA"
"FusionSolar","NE=50488260","EMI-EM07102287046729","EM07102287046729","POA"
"FusionSolar","NE=50488260","EMI-2 [SOUTH]","EM02102287046729","POA"
"FusionSolar","NE=50488260","EMI-1 [NORTH]","EM01102287046729","POA"
"FusionSolar","NE=51758766","AMBTEMP-PH","EM001023B7436516",""
"FusionSolar","NE=51758766","IRR-AMB-SE-ASSY","EM051023B7436516","POA"
"FusionSolar","NE=51758766","IRR-MOD-NW-ASSY2","EM031023B7436516","POA"
"FusionSolar","NE=51758766","IRR-AMB-NE-ASSY1","EM011023B7436516","POA"
"FusionSolar","NE=51758766","IRR-MOD-NW-Assembly","EM021023B7436516","POA"
"FusionSolar","NE=51758766","WTST - Assembly","EM041023B7436516","Weather"
"FusionSolar","NE=51758766","IRR-AMB-NW-Bod Stamp","EM011023C7355634","POA"
"FusionSolar","NE=51758766","IRR-MOD-NW-Bod Stamp","EM001023C7355634","POA"
"FusionSolar","NE=51758766","WTST - Body Stamping","EM021023C7355634","Weather"
"FusionSolar","NE=53771627","IRR-C-E(COM2-27)","EM061023A5160368","POA"
"FusionSolar","NE=53771627","IRR-B-NW(COM2-25)","EM041023A5160368","POA"
"FusionSolar","NE=53771627","IRR-C-W(COM2-26)","EM051023A5160368","POA"
"FusionSolar","NE=53771627","IRR-A-S(COM2-30)","EM091023A5160368","POA"
"FusionSolar","NE=53771627","WST(COM2-60)","EM0A1023A5160368","Weather"
"FusionSolar","NE=53771627","IRR-B-NE(COM2-22)","EM011023A5160368","POA"
"FusionSolar","NE=53771627","IRR-A-N(COM2-29)","EM081023A5160368","POA"
"FusionSolar","NE=53771627","IRR-D-N(COM2-28)","EM071023A5160368","POA"
"FusionSolar","NE=53771627","PYR(COM2-21)","EM001023A5160368","GHI"
"FusionSolar","NE=53771627","IRR-B-SE(COM2-23)","EM021023A5160368","POA"
"FusionSolar","NE=53771627","IRR-B-SW(COM2-24)","EM031023A5160368","POA"
"FusionSolar","NE=54435794","EMI-EM0B102459944283","EM0B102459944283","POA"
"FusionSolar","NE=54435794","EMI-EM0D102459944283","EM0D102459944283","POA"
"FusionSolar","NE=54435794","EMI-EM0C102459944283","EM0C102459944283","POA"
"FusionSolar","NE=54435794","EMI-EM0A102459944283","EM0A102459944283","POA"
"FusionSolar","NE=54435794","IRR-04","EM03102459944283","POA"
"FusionSolar","NE=54435794","WTH-01","EM04102459944283","Weather"
"FusionSolar","NE=54435794","IRR-03","EM01102459944283","POA"
"FusionSolar","NE=54435794","IRR-06","EM05102459944283","POA"
"FusionSolar","NE=54435794","IRR-08","EM08102459944283","POA"
"FusionSolar","NE=54435794","IRR-05","EM06102459944283","POA"
"FusionSolar","NE=54435794","IRR-07","EM07102459944283","POA"
"FusionSolar","NE=54435794","IRR-02","EM02102459944283","POA"
"FusionSolar","NE=54435794","Old-IRR-05","EM01102467487012","POA"
"FusionSolar","NE=54435794","Old-IRR-06","EM02102467487012","POA"
"FusionSolar","NE=54435794","Old-IRR-08","EM03102467487012","POA"
"FusionSolar","NE=54435794","Old-IRR-07","EM04102467487012","POA"
"FusionSolar","NE=54435794","PYR-01","EM09102459944283","GHI"
"FusionSolar","NE=54435794","Old-PYR-01","EM00102467487012","GHI"
"FusionSolar","NE=54435794","IRR-01","EM00102459944283","POA"
"FusionSolar","NE=58630782","IRR-PVTemperature","EM001024B6566722","POA"
"FusionSolar","NE=58630782","IRR-Ambient","EM011024B6566722","POA"
"FusionSolar","NE=61847068","EMI-EM0110254C346758","EM0110254C346758","POA"
"FusionSolar","NE=61847068","EMI-EM0010254C346758","EM0010254C346758","POA"
"FusionSolar","NE=61847068","EMI-EM0210254C346758","EM0210254C346758","POA"
"FusionSolar","NE=61847068","EMI-EM0310254C346758","EM0310254C346758","POA"
"iSolarCloud","1445767","WeatherStation","1445767_5_13_1","Weather"
"iSolarCloud","1445767","IrradianceSensor_PVTemp(Azimuth 152.6)","1445767_5_9_1","POA"
"iSolarCloud","1445767","IrradianceSensor_AmbTemp(Azimuth 331.2)","1445767_5_8_1","POA"
"iSolarCloud","1445767","Pyranometer","1445767_5_7_1","GHI"
"iSolarCloud","1449886","Meteo Station4","1449886_5_12_1",""
"iSolarCloud","1449886","IrradianceSensor_AmbTemp(Azimut 276.86)","1449886_5_5_1","POA"
"iSolarCloud","1449886","PyranoMeter","1449886_5_6_1","GHI"
"iSolarCloud","1449886","IrradianceSensor_PVTemp(Azimut 96.87)","1449886_5_4_1","POA"
"iSolarCloud","1453245","Meteo Station4","1453245_5_13_1",""
"iSolarCloud","1453245","IrradianceSensor_AmbTemp(Azimuth 277.45)","1453245_5_11_1","POA"
"iSolarCloud","1453245","IrradianceSensor_PVTemp(Azimuth 97.41)","1453245_5_10_1","POA"
"iSolarCloud","1453245","Pyranometer","1453245_5_9_1","GHI"
"iSolarCloud","1458125","WeatherStation","1458125_5_23_1","Weather"
"iSolarCloud","1458125","Pyranometer","1458125_5_22_1","GHI"
"iSolarCloud","1458125","IRR-NE-B","1458125_5_21_1","POA"
"iSolarCloud","1458125","IRR-SW-B","1458125_5_20_1","POA"
"iSolarCloud","1458125","IRR-SE-A","1458125_5_19_1","POA"
"iSolarCloud","1458125","IRR-NW-A","1458125_5_18_1","POA"
"iSolarCloud","1458125","Meteo Station5","1458125_5_12_1",""
"iSolarCloud","1458125","Meteo Station4","1458125_5_13_1",""
"iSolarCloud","1458125","Meteo Station3","1458125_5_14_1",""
"iSolarCloud","1458125","Meteo Station2","1458125_5_15_1",""
"iSolarCloud","1458125","Meteo Station1","1458125_5_16_1",""
"iSolarCloud","1479456","SLI-IRR-1-A","1479456_5_16_2","POA"
"iSolarCloud","1479456","SLI-IRR-2-A","1479456_5_15_2","POA"
"iSolarCloud","1479456","IRR-02-A","1479456_5_14_2","POA"
"iSolarCloud","1479456","Meteo Station14","1479456_5_25_1",""
"iSolarCloud","1479456","Meteo Station13","1479456_5_24_1",""
"iSolarCloud","1479456","SLI-IRR-2-A-F","1479456_5_23_1","POA"
"iSolarCloud","1479456","SLI-IRR-1-A-F","1479456_5_22_1",""
"iSolarCloud","1479456","SLI-IRR-4-F","1479456_5_18_1","POA"
"iSolarCloud","1479456","SLI-IRR-3-F","1479456_5_17_1","POA"
"iSolarCloud","1479456","Meteo Station1","1479456_5_5_1",""
"iSolarCloud","1479456","Meteo Station15","1479456_5_26_1",""
"iSolarCloud","1479456","SLI-WST-01-A","1479456_5_10_2","Weather"
"iSolarCloud","1479456","SLI-IRR-01-A","1479456_5_9_2","POA"
"iSolarCloud","1479456","SLI-PYR-01-F","1479456_5_21_1","GHI"
"iSolarCloud","1479456","Meteo Station4","1479456_5_19_1",""
"iSolarCloud","1614122","CPMJL-IRR-GHI-01(PYRN)","1614122_5_16_1","GHI"
"iSolarCloud","1614122","CPMJL-IRR-GTI-02(SOUTH)","1614122_5_15_1","POA"
"iSolarCloud","1614122","CPMJL-IRR-GTI-01(NORTH)","1614122_5_14_1","POA"
"iSolarCloud","1614122","Meteo Station4","1614122_5_19_1",""
"iSolarCloud","1628909","FLN-Painting-IRR-04","1628909_5_6_1","POA"
"iSolarCloud","1628909","FLN-Painting-IRR-03","1628909_5_7_1","POA"
"iSolarCloud","1628909","FLN-Injection-PYR-01","1628909_5_9_2","GHI"
"iSolarCloud","1628909","FLN-Painting-WST-01","1628909_5_10_1","Weather"
"iSolarCloud","1628909","FLN-Injection-IRR-02","1628909_5_7_2","POA"
"iSolarCloud","1628909","FLN-Injection-IRR-01","1628909_5_6_2","POA"
"iSolarCloud","1637095","Meteo Station4","1637095_5_17_1",""
"iSolarCloud","1637095","CPBDG-IRR-GTI-01(NORTH)","1637095_5_11_1","POA"
"iSolarCloud","1637095","CPBDG-IRR-GTI-02(SOUTH)","1637095_5_12_1","POA"
"iSolarCloud","1637095","CPBDG-IRR-GHI-01(PYRN)","1637095_5_13_1","GHI"
"iSolarCloud","1637816","Meteo Station4","1637816_5_19_1",""
"iSolarCloud","1637816","CPMAD-IRR-GTI-01(EAST)","1637816_5_12_1","POA"
"iSolarCloud","1637816","CPMAD-IRR-GTI-02(WEST)","1637816_5_11_1","POA"
"iSolarCloud","1637816","CPMAD-IRR-GHI-01(PYRN)","1637816_5_10_1","GHI"
"iSolarCloud","1680199","IRR-02 (149)","1680199_5_12_2","POA"
"iSolarCloud","1680199","IRR-01 (-31)","1680199_5_11_2","POA"
"iSolarCloud","1680199","PYR","1680199_5_16_1","GHI"
"iSolarCloud","1680199","Weather_Sensor","1680199_5_15_1","Weather"
"iSolarCloud","1680199","IRR-03(-28)","1680199_5_14_1","POA"
"iSolarCloud","1680199","IRR-04 (152)","1680199_5_13_1","POA"
