Site,Energy Meter (Revenue),Tanggal,Negative active,Positive Active,Daily GHI
Charoen Pokphand Bandung,CPBDG-EM-POI,2026-04-01,894731.0181,1221412000.0,4.9505093
Charoen Pokphand Bandung,CPBDG-EM-POI,2026-04-02,898973.999,1225832250.0,4.0245938
Charoen Pokphand Bandung,CPBDG-EM-POI,2026-04-03,903231.0181,1232235125.0,5.9452964
Charoen Pokphand Bandung,CPBDG-EM-POI,2026-04-04,907518.9819,1236819750.0,4.0750762
Charoen Pokphand Bandung,CPBDG-EM-POI,2026-04-05,911741.0278,1242567500.0,5.1479409
Charoen Pokphand Bandung,CPBDG-EM-POI,2026-04-06,915965.0269,1248764750.0,5.6832773
Charoen Pokphand Bandung,CPBDG-EM-POI,2026-04-07,920502.9907,1255122125.0,5.7968931
Charoen Pokphand Bandung,CPBDG-EM-POI,2026-04-08,924742.981,1261343500.0,5.6908604
Charoen Pokphand Bandung,CPBDG-EM-POI,2026-04-09,928880.9814,1266634250.0,4.9107393
Charoen Pokphand Bandung,CPBDG-EM-POI,2026-04-10,933331.9702,1271372125.0,4.4325005
Charoen Pokphand Bandung,CPBDG-EM-POI,2026-04-11,937487.9761,1277273250.0,5.49152
Charoen Pokphand Bandung,CPBDG-EM-POI,2026-04-12,941755.9814,1283441500.0,5.6890537
Charoen Pokphand Bandung,CPBDG-EM-POI,2026-04-13,945908.02,1289092500.0,5.272228
Charoen Pokphand Bandung,CPBDG-EM-POI,2026-04-14,950341.0034,1294039375.0,4.5239819
Charoen Pokphand Bandung,CPBDG-EM-POI,2026-04-15,954106.9946,1298404500.0,3.9879736
Charoen Pokphand Bandung,CPBDG-EM-POI,2026-04-16,958294.9829,1304931000.0,6.0917407
Charoen Pokphand Bandung,CPBDG-EM-POI,2026-04-17,962515.0146,1310906875.0,5.4977148
Charoen Pokphand Bandung,CPBDG-EM-POI,2026-04-18,966682.9834,1318118750.0,6.790293
Charoen Pokphand Bandung,CPBDG-EM-POI,2026-04-19,970919.0063,1325275250.0,6.7352183
Charoen Pokphand Bandung,CPBDG-EM-POI,2026-04-20,975127.0142,1332148375.0,6.4598867
Charoen Pokphand Bandung,CPBDG-EM-POI,2026-04-21,979356.0181,1339466000.0,6.9055317
Charoen Pokphand Bandung,CPBDG-EM-POI,2026-04-22,983544.9829,1344035625.0,4.1157295
Charoen Pokphand Bandung,CPBDG-EM-POI,2026-04-23,987552.9785,1349915375.0,5.4509126
Charoen Pokphand Bandung,CPBDG-EM-POI,2026-04-24,991616.0278,1355821125.0,5.5541162
Charoen Pokphand Bandung,CPBDG-EM-POI,2026-04-25,995750.0,1361633875.0,5.4113916
Charoen Pokphand Bandung,CPBDG-EM-POI,2026-04-26,999974.9756,1368605875.0,6.656939
Charoen Pokphand Bandung,CPBDG-EM-POI,2026-04-27,1003638.977,1375246500.0,5.3391265
Charoen Pokphand Bandung,CPBDG-EM-POI,2026-04-28,1006091.98,1380274250.0,5.3099985
Charoen Pokphand Bandung,CPBDG-EM-POI,2026-04-29,1010106.018,1386074250.0,5.3274712
Charoen Pokphand Bandung,CPBDG-EM-POI,2026-04-30,1014223.999,1390269750.0,3.7943672
Charoen Pokphand Madiun,CPMAD-EM-POI-01,2026-04-21,119127.9984,564319437.5,6.1662427
Charoen Pokphand Madiun,CPMAD-EM-POI-01,2026-04-27,121861.0001,576683000.0,4.597208
Charoen Pokphand Madiun,CPMAD-EM-POI-01,2026-04-28,122336.998,578851687.5,5.1523438
Charoen Pokphand Madiun,CPMAD-EM-POI-01,2026-04-29,122779.9988,580746750.0,4.5843018
Charoen Pokphand Madiun,CPMAD-EM-POI-01,2026-04-30,123304.0009,582342812.5,3.7113635
Charoen Pokphand Madiun,CPMAD-EM-POI-02,2026-04-21,415093750.0,10278539.06,6.1662427
Charoen Pokphand Madiun,CPMAD-EM-POI-02,2026-04-27,424931468.8,10285622.07,4.597208
Charoen Pokphand Madiun,CPMAD-EM-POI-02,2026-04-28,426632875.0,10286716.8,5.1523438
Charoen Pokphand Madiun,CPMAD-EM-POI-02,2026-04-29,428140093.8,10287416.02,4.5843018
Charoen Pokphand Madiun,CPMAD-EM-POI-02,2026-04-30,429405593.8,10288271.48,3.7113635
Charoen Pokphand Majalengka,CPMJL-EM-POI,2026-04-01,836690.0024,986446625.0,6.2538408
Charoen Pokphand Majalengka,CPMJL-EM-POI,2026-04-02,840036.0107,988667125.0,4.5193979
Charoen Pokphand Majalengka,CPMJL-EM-POI,2026-04-03,843427.9785,994105000.0,7.1912603
Charoen Pokphand Majalengka,CPMJL-EM-POI,2026-04-04,846822.998,998368562.5,5.6023359
Charoen Pokphand Majalengka,CPMJL-EM-POI,2026-04-05,850206.9702,1001778500.0,7.1736831
Charoen Pokphand Majalengka,CPMJL-EM-POI,2026-04-06,853635.9863,1004214375.0,6.0612705
Charoen Pokphand Majalengka,CPMJL-EM-POI,2026-04-07,857018.9819,1008974188.0,5.2061289
Charoen Pokphand Majalengka,CPMJL-EM-POI,2026-04-08,860398.9868,1012061938.0,2.058259
Charoen Pokphand Majalengka,CPMJL-EM-POI,2026-04-09,863747.9858,1015902062.0,4.4461055
Charoen Pokphand Majalengka,CPMJL-EM-POI,2026-04-10,867422.9736,1020075438.0,5.532585
Charoen Pokphand Majalengka,CPMJL-EM-POI,2026-04-11,870677.002,1024415625.0,5.6306797
Charoen Pokphand Majalengka,CPMJL-EM-POI,2026-04-12,873987.9761,1029251312.0,6.4200586
Charoen Pokphand Majalengka,CPMJL-EM-POI,2026-04-13,875359.9854,1032834500.0,5.9264893
Charoen Pokphand Majalengka,CPMJL-EM-POI,2026-04-14,877270.0195,1034421438.0,4.7324629
Charoen Pokphand Majalengka,CPMJL-EM-POI,2026-04-15,880401.9775,1037709562.0,4.2665732
Charoen Pokphand Majalengka,CPMJL-EM-POI,2026-04-16,883578.0029,1042280750.0,6.4113354
Charoen Pokphand Majalengka,CPMJL-EM-POI,2026-04-17,886614.0137,1045036562.0,6.1317739
Charoen Pokphand Majalengka,CPMJL-EM-POI,2026-04-19,893013.0005,1053863750.0,5.5606294
Charoen Pokphand Majalengka,CPMJL-EM-POI,2026-04-20,896242.0044,1058717875.0,3.3975391
Charoen Pokphand Majalengka,CPMJL-EM-POI,2026-04-21,899502.9907,1063349000.0,5.7140791
Charoen Pokphand Majalengka,CPMJL-EM-POI,2026-04-22,902833.9844,1065689250.0,2.8434705
Charoen Pokphand Majalengka,CPMJL-EM-POI,2026-04-23,906038.0249,1069940250.0,5.5926245
Charoen Pokphand Majalengka,CPMJL-EM-POI,2026-04-24,909296.9971,1073202500.0,3.5220925
Charoen Pokphand Majalengka,CPMJL-EM-POI,2026-04-25,912630.0049,1077883375.0,1.3230845
Charoen Pokphand Majalengka,CPMJL-EM-POI,2026-04-26,915848.0225,1082384375.0,0.2581086
Charoen Pokphand Majalengka,CPMJL-EM-POI,2026-04-27,919153.0151,1086454750.0,1.4395818
Charoen Pokphand Majalengka,CPMJL-EM-POI,2026-04-28,922567.0166,1089277250.0,0.8922091
Charoen Pokphand Majalengka,CPMJL-EM-POI,2026-04-29,925937.9883,1093723000.0,5.9523486
Charoen Pokphand Majalengka,CPMJL-EM-POI,2026-04-30,929322.998,1096266875.0,1.245361
Garuda Metalindo (IKP),RevenueMeter_ACComb,2026-04-01,238098.0072,574011750.0,5.5187563
Garuda Metalindo (IKP),RevenueMeter_ACComb,2026-04-02,238514.9994,575202500.0,4.6938115
Garuda Metalindo (IKP),RevenueMeter_ACComb,2026-04-03,238962.0056,576747000.0,6.0986743
Garuda Metalindo (IKP),RevenueMeter_ACComb,2026-04-04,239470.0012,577923625.0,4.6020215
Garuda Metalindo (IKP),RevenueMeter_ACComb,2026-04-05,240001.0071,579388500.0,5.7004629
Garuda Metalindo (IKP),RevenueMeter_ACComb,2026-04-06,240544.0063,580263687.5,3.3767786
Garuda Metalindo (IKP),RevenueMeter_ACComb,2026-04-07,241044.0063,581130000.0,3.3774565
Garuda Metalindo (IKP),RevenueMeter_ACComb,2026-04-08,241554.9927,581956062.5,3.1786929
Garuda Metalindo (IKP),RevenueMeter_ACComb,2026-04-09,241985.9924,583413875.0,5.6166772
Garuda Metalindo (IKP),RevenueMeter_ACComb,2026-04-10,242425.0031,584918812.5,5.89373
Garuda Metalindo (IKP),RevenueMeter_ACComb,2026-04-11,242860.0006,586043375.0,4.38454
Garuda Metalindo (IKP),RevenueMeter_ACComb,2026-04-12,243348.999,587516500.0,5.7933828
Garuda Metalindo (IKP),RevenueMeter_ACComb,2026-04-13,243796.0052,588852750.0,5.2145425
Garuda Metalindo (IKP),RevenueMeter_ACComb,2026-04-14,244201.004,590031812.5,4.5841265
Garuda Metalindo (IKP),RevenueMeter_ACComb,2026-04-15,244727.005,590794437.5,2.9221042
Garuda Metalindo (IKP),RevenueMeter_ACComb,2026-04-16,245259.9945,592163500.0,5.3226826
Garuda Metalindo (IKP),RevenueMeter_ACComb,2026-04-17,245679.9927,593379437.5,4.6660796
Garuda Metalindo (IKP),RevenueMeter_ACComb,2026-04-21,246298.996,596055562.5,
Garuda Metalindo (IKP),RevenueMeter_ACComb,2026-04-22,248054.0009,600069562.5,4.7442515
Garuda Metalindo (IKP),RevenueMeter_ACComb,2026-04-23,248501.9989,600943187.5,3.3855579
Garuda Metalindo (IKP),RevenueMeter_ACComb,2026-04-24,248904.9988,602126062.5,4.6892007
Garuda Metalindo (IKP),RevenueMeter_ACComb,2026-04-25,249363.9984,603435375.0,5.1011245
Garuda Metalindo (IKP),RevenueMeter_ACComb,2026-04-26,249792.9993,604659625.0,4.9098354
Garuda Metalindo (IKP),RevenueMeter_ACComb,2026-04-27,250227.005,605993625.0,5.3707529
Garuda Metalindo (IKP),RevenueMeter_ACComb,2026-04-28,250686.0046,606958312.5,3.6930684
Garuda Metalindo (IKP),RevenueMeter_ACComb,2026-04-29,251192.0013,608159562.5,4.6150815
Garuda Metalindo (IKP),RevenueMeter_ACComb,2026-04-30,251716.9952,609259000.0,4.2234907
Garuda Metalindo (MPF),RevenueMeter_ACComb,2026-04-01,226759.9945,623333062.5,5.2136274
Garuda Metalindo (MPF),RevenueMeter_ACComb,2026-04-02,227160.0037,624685000.0,5.0327715
Garuda Metalindo (MPF),RevenueMeter_ACComb,2026-04-03,227656.9977,626080750.0,5.1790259
Garuda Metalindo (MPF),RevenueMeter_ACComb,2026-04-04,227992.9962,627204125.0,4.1629502
Garuda Metalindo (MPF),RevenueMeter_ACComb,2026-04-05,228365.9973,628337937.5,4.1983872
Garuda Metalindo (MPF),RevenueMeter_ACComb,2026-04-06,228792.9993,629471875.0,4.1561958
Garuda Metalindo (MPF),RevenueMeter_ACComb,2026-04-07,229233.0017,630369187.5,3.325532
Garuda Metalindo (MPF),RevenueMeter_ACComb,2026-04-08,229598.0072,631432312.5,3.9695725
Garuda Metalindo (MPF),RevenueMeter_ACComb,2026-04-09,230022.995,632900562.5,5.3257095
Garuda Metalindo (MPF),RevenueMeter_ACComb,2026-04-10,230485.0006,634276625.0,5.1002744
Garuda Metalindo (MPF),RevenueMeter_ACComb,2026-04-11,230889.0076,635582625.0,4.8750122
Garuda Metalindo (MPF),RevenueMeter_ACComb,2026-04-12,231369.0033,637139375.0,5.8898359
Garuda Metalindo (MPF),RevenueMeter_ACComb,2026-04-13,231832.9926,638299500.0,4.3580776
Garuda Metalindo (MPF),RevenueMeter_ACComb,2026-04-14,232388.0005,639227125.0,3.4620461
Garuda Metalindo (MPF),RevenueMeter_ACComb,2026-04-15,232893.0054,640752125.0,5.7520776
Garuda Metalindo (MPF),RevenueMeter_ACComb,2026-04-16,233292.0074,641480875.0,2.7288906
Garuda Metalindo (MPF),RevenueMeter_ACComb,2026-04-17,233839.0045,642685187.5,4.3003564
Garuda Metalindo (MPF),RevenueMeter_ACComb,2026-04-19,234720.0012,645146437.5,4.3223252
Garuda Metalindo (MPF),RevenueMeter_ACComb,2026-04-20,235136.9934,646640375.0,5.5179331
Garuda Metalindo (MPF),RevenueMeter_ACComb,2026-04-21,235587.0056,648031000.0,5.1410874
Garuda Metalindo (MPF),RevenueMeter_ACComb,2026-04-22,236016.9983,649316187.5,4.7373584
Garuda Metalindo (MPF),RevenueMeter_ACComb,2026-04-23,236520.0043,650536625.0,4.4469707
Garuda Metalindo (MPF),RevenueMeter_ACComb,2026-04-24,237011.9934,651851187.5,4.9764658
Garuda Metalindo (MPF),RevenueMeter_ACComb,2026-04-25,237429.9927,653194500.0,4.8882896
Garuda Metalindo (MPF),RevenueMeter_ACComb,2026-04-26,237828.0029,654678625.0,5.6181172
Garuda Metalindo (MPF),RevenueMeter_ACComb,2026-04-27,238291.0004,655854812.5,4.3416519
Garuda Metalindo (MPF),RevenueMeter_ACComb,2026-04-28,238785.9955,656946250.0,3.914292
Garuda Metalindo (MPF),RevenueMeter_ACComb,2026-04-29,239240.0055,657967125.0,3.7372778
Garuda Metalindo (MPF),RevenueMeter_ACComb,2026-04-30,239742.0044,658730312.5,2.7804221
Garuda Metalindo 1,RevenueMeter_ACComb,2026-04-01,196320.0073,1249440500.0,6.5762466
Garuda Metalindo 1,RevenueMeter_ACComb,2026-04-02,196539.0015,1252986750.0,6.8862036
Garuda Metalindo 1,RevenueMeter_ACComb,2026-04-03,197007.9956,1256355000.0,6.5548237
Garuda Metalindo 1,RevenueMeter_ACComb,2026-04-04,197274.0021,1259339875.0,5.6589956
Garuda Metalindo 1,RevenueMeter_ACComb,2026-04-05,197667.0074,1262639500.0,6.4631294
Garuda Metalindo 1,RevenueMeter_ACComb,2026-04-06,198134.0027,1264526375.0,3.5364006
Garuda Metalindo 1,RevenueMeter_ACComb,2026-04-07,198526.001,1267762875.0,6.3014302
Garuda Metalindo 1,RevenueMeter_ACComb,2026-04-08,198994.9951,1269824500.0,4.0211492
Garuda Metalindo 1,RevenueMeter_ACComb,2026-04-09,199406.0059,1272650375.0,5.281106
Garuda Metalindo 1,RevenueMeter_ACComb,2026-04-10,199725.0061,1275447125.0,5.4362002
Garuda Metalindo 1,RevenueMeter_ACComb,2026-04-11,200115.9973,1277282375.0,3.5147295
Garuda Metalindo 1,RevenueMeter_ACComb,2026-04-12,200602.005,1280292125.0,5.8965723
Garuda Metalindo 1,RevenueMeter_ACComb,2026-04-13,201041.0004,1283501625.0,6.2318853
Garuda Metalindo 1,RevenueMeter_ACComb,2026-04-14,201320.0073,1286385500.0,5.603666
Garuda Metalindo 1,RevenueMeter_ACComb,2026-04-15,201738.0066,1289708000.0,6.388873
Garuda Metalindo 1,RevenueMeter_ACComb,2026-04-16,202125.0,1292680250.0,5.7639956
Garuda Metalindo 1,RevenueMeter_ACComb,2026-04-17,202529.9988,1295946375.0,6.2573179
Garuda Metalindo 1,RevenueMeter_ACComb,2026-04-19,203404.007,1302301000.0,6.3221152
Garuda Metalindo 1,RevenueMeter_ACComb,2026-04-20,203873.9929,1305586875.0,6.3949004
Garuda Metalindo 1,RevenueMeter_ACComb,2026-04-21,204337.0056,1308748875.0,6.141896
Garuda Metalindo 1,RevenueMeter_ACComb,2026-04-22,204809.0057,1311315375.0,4.903811
Garuda Metalindo 1,RevenueMeter_ACComb,2026-04-23,205296.9971,1313506125.0,4.1493853
Garuda Metalindo 1,RevenueMeter_ACComb,2026-04-24,205682.0068,1316419125.0,5.7271729
Garuda Metalindo 1,RevenueMeter_ACComb,2026-04-25,206128.9978,1319078750.0,4.9517954
Garuda Metalindo 1,RevenueMeter_ACComb,2026-04-26,206548.0042,1322346875.0,6.4088687
Garuda Metalindo 1,RevenueMeter_ACComb,2026-04-27,206990.9973,1325292000.0,5.7132207
Garuda Metalindo 1,RevenueMeter_ACComb,2026-04-28,207352.9968,1328108625.0,5.3015806
Garuda Metalindo 1,RevenueMeter_ACComb,2026-04-29,207753.006,1331110125.0,5.7428887
Garuda Metalindo 1,RevenueMeter_ACComb,2026-04-30,208141.0065,1334223750.0,6.023147
Garuda Metalindo 2,EnergyMeter_ACComb,2026-04-01,254580.0018,1153163875.0,5.1775806
Garuda Metalindo 2,EnergyMeter_ACComb,2026-04-02,255057.0068,1155539750.0,4.7998628
Garuda Metalindo 2,EnergyMeter_ACComb,2026-04-03,255761.9934,1158242375.0,5.3473623
Garuda Metalindo 2,EnergyMeter_ACComb,2026-04-04,256277.0081,1160227375.0,3.9442959
Garuda Metalindo 2,EnergyMeter_ACComb,2026-04-05,256841.0034,1162207875.0,3.9025569
Garuda Metalindo 2,EnergyMeter_ACComb,2026-04-06,257347.9919,1164315125.0,4.1134663
Garuda Metalindo 2,EnergyMeter_ACComb,2026-04-07,257968.9941,1166147500.0,3.6436165
Garuda Metalindo 2,EnergyMeter_ACComb,2026-04-08,258247.0093,1168142500.0,3.9050867
Garuda Metalindo 2,EnergyMeter_ACComb,2026-04-09,258738.0066,1170818125.0,5.2176177
Garuda Metalindo 2,EnergyMeter_ACComb,2026-04-10,259165.9851,1173386375.0,5.1110864
Garuda Metalindo 2,EnergyMeter_ACComb,2026-04-11,259658.9966,1175972000.0,5.2165576
Garuda Metalindo 2,EnergyMeter_ACComb,2026-04-12,260201.9958,1178942875.0,6.0314175
Garuda Metalindo 2,EnergyMeter_ACComb,2026-04-13,260763.0005,1181071625.0,4.2396636
Garuda Metalindo 2,EnergyMeter_ACComb,2026-04-14,261351.0132,1182757375.0,3.3437966
Garuda Metalindo 2,EnergyMeter_ACComb,2026-04-15,261890.0146,1185573125.0,5.7428823
Garuda Metalindo 2,EnergyMeter_ACComb,2026-04-16,262501.0071,1186826375.0,2.5011401
Garuda Metalindo 2,EnergyMeter_ACComb,2026-04-17,263088.0127,1188923375.0,4.2529053
Garuda Metalindo 2,EnergyMeter_ACComb,2026-04-19,264178.009,1193109000.0,3.98698
Garuda Metalindo 2,EnergyMeter_ACComb,2026-04-20,264748.9929,1195743500.0,5.5170225
Garuda Metalindo 2,EnergyMeter_ACComb,2026-04-21,265295.99,1198169250.0,4.9417339
Garuda Metalindo 2,EnergyMeter_ACComb,2026-04-22,265869.9951,1200641250.0,5.0389336
Garuda Metalindo 2,EnergyMeter_ACComb,2026-04-23,266561.0046,1202881625.0,4.4129814
Garuda Metalindo 2,EnergyMeter_ACComb,2026-04-24,267157.0129,1205238625.0,4.8360815
Garuda Metalindo 2,EnergyMeter_ACComb,2026-04-25,267641.9983,1207672500.0,4.8979541
Garuda Metalindo 2,EnergyMeter_ACComb,2026-04-26,268143.0054,1210313375.0,5.5191631
Garuda Metalindo 2,EnergyMeter_ACComb,2026-04-27,268641.9983,1212790750.0,5.0354561
Garuda Metalindo 2,EnergyMeter_ACComb,2026-04-28,269053.9856,1214735875.0,3.8675864
Garuda Metalindo 2,EnergyMeter_ACComb,2026-04-29,269569.0002,1216527875.0,3.5551089
Garuda Metalindo 2,EnergyMeter_ACComb,2026-04-30,270134.0027,1217774375.0,2.4626318
PLTS Frina Lestari Nusantara,FLN-Injection-KWH-01,2026-04-01,240628.9978,341938781.2,
PLTS Frina Lestari Nusantara,FLN-Injection-KWH-01,2026-04-02,241651.9928,343664843.8,
PLTS Frina Lestari Nusantara,FLN-Injection-KWH-01,2026-04-03,242589.9963,345558156.2,
PLTS Frina Lestari Nusantara,FLN-Injection-KWH-01,2026-04-04,243541.0004,346712000.0,
PLTS Frina Lestari Nusantara,FLN-Injection-KWH-01,2026-04-05,244509.9945,348383000.0,
PLTS Frina Lestari Nusantara,FLN-Injection-KWH-01,2026-04-06,245468.0023,350009281.2,
PLTS Frina Lestari Nusantara,FLN-Injection-KWH-01,2026-04-07,246401.001,351486187.5,
PLTS Frina Lestari Nusantara,FLN-Injection-KWH-01,2026-04-08,247294.9982,352507468.8,
PLTS Frina Lestari Nusantara,FLN-Injection-KWH-01,2026-04-09,248255.0049,354269031.2,
PLTS Frina Lestari Nusantara,FLN-Injection-KWH-01,2026-04-10,249270.9961,356157156.2,
PLTS Frina Lestari Nusantara,FLN-Injection-KWH-01,2026-04-11,250192.9932,357686937.5,
PLTS Frina Lestari Nusantara,FLN-Injection-KWH-01,2026-04-12,251145.9961,359514406.2,
PLTS Frina Lestari Nusantara,FLN-Injection-KWH-01,2026-04-13,252063.0035,361370343.8,
PLTS Frina Lestari Nusantara,FLN-Injection-KWH-01,2026-04-14,253048.0042,362582406.2,0.130479
PLTS Frina Lestari Nusantara,FLN-Injection-KWH-01,2026-04-15,253981.0028,364045968.8,4.7366362
PLTS Frina Lestari Nusantara,FLN-Injection-KWH-01,2026-04-16,254895.9961,365726531.2,5.441041
PLTS Frina Lestari Nusantara,FLN-Injection-KWH-01,2026-04-17,255779.9988,367110312.5,4.4210269
PLTS Frina Lestari Nusantara,FLN-Injection-KWH-01,2026-04-18,256673.0042,369056187.5,6.3285137
PLTS Frina Lestari Nusantara,FLN-Injection-KWH-01,2026-04-19,257584.9915,370809562.5,5.7655835
PLTS Frina Lestari Nusantara,FLN-Injection-KWH-01,2026-04-20,258575.0122,372533781.2,5.6749614
PLTS Frina Lestari Nusantara,FLN-Injection-KWH-01,2026-04-21,259531.0059,374377875.0,6.0803975
PLTS Frina Lestari Nusantara,FLN-Injection-KWH-01,2026-04-22,260473.999,375844625.0,4.7230264
PLTS Frina Lestari Nusantara,FLN-Injection-KWH-01,2026-04-23,261428.9856,376906750.0,3.2958552
PLTS Frina Lestari Nusantara,FLN-Injection-KWH-01,2026-04-24,262307.0068,378343312.5,4.6614082
PLTS Frina Lestari Nusantara,FLN-Injection-KWH-01,2026-04-25,263243.988,380078312.5,5.5968467
PLTS Frina Lestari Nusantara,FLN-Injection-KWH-01,2026-04-26,264148.9868,381603000.0,5.0160239
PLTS Frina Lestari Nusantara,FLN-Injection-KWH-01,2026-04-27,265072.998,383459156.2,6.1498105
PLTS Frina Lestari Nusantara,FLN-Injection-KWH-01,2026-04-28,266053.009,384863937.5,4.5166367
PLTS Frina Lestari Nusantara,FLN-Injection-KWH-01,2026-04-29,266976.9897,386138187.5,4.1236909
PLTS Frina Lestari Nusantara,FLN-Injection-KWH-01,2026-04-30,267858.0017,387449687.5,4.2828984
PLTS Frina Lestari Nusantara,FLN-Painting-KWH-01,2026-04-01,430218.9941,544717562.5,
PLTS Frina Lestari Nusantara,FLN-Painting-KWH-01,2026-04-02,431618.0115,547394937.5,
PLTS Frina Lestari Nusantara,FLN-Painting-KWH-01,2026-04-03,432951.9958,550335500.0,
PLTS Frina Lestari Nusantara,FLN-Painting-KWH-01,2026-04-04,434343.9941,552118937.5,
PLTS Frina Lestari Nusantara,FLN-Painting-KWH-01,2026-04-05,435713.0127,554660375.0,
PLTS Frina Lestari Nusantara,FLN-Painting-KWH-01,2026-04-06,437105.011,557166500.0,
PLTS Frina Lestari Nusantara,FLN-Painting-KWH-01,2026-04-07,438463.0127,559446187.5,
PLTS Frina Lestari Nusantara,FLN-Painting-KWH-01,2026-04-08,439769.0125,561028375.0,
PLTS Frina Lestari Nusantara,FLN-Painting-KWH-01,2026-04-09,441101.9897,563684187.5,
PLTS Frina Lestari Nusantara,FLN-Painting-KWH-01,2026-04-10,442287.9944,566588812.5,
PLTS Frina Lestari Nusantara,FLN-Painting-KWH-01,2026-04-11,443622.0093,568954375.0,
PLTS Frina Lestari Nusantara,FLN-Painting-KWH-01,2026-04-12,444959.0149,571762562.5,
PLTS Frina Lestari Nusantara,FLN-Painting-KWH-01,2026-04-13,446225.0061,574595687.5,
PLTS Frina Lestari Nusantara,FLN-Painting-KWH-01,2026-04-14,447736.9995,576453625.0,0.130479
PLTS Frina Lestari Nusantara,FLN-Painting-KWH-01,2026-04-15,449110.9924,578726062.5,4.7366362
PLTS Frina Lestari Nusantara,FLN-Painting-KWH-01,2026-04-16,450518.0054,581322062.5,5.441041
PLTS Frina Lestari Nusantara,FLN-Painting-KWH-01,2026-04-17,451847.9919,583440125.0,4.4210269
PLTS Frina Lestari Nusantara,FLN-Painting-KWH-01,2026-04-18,453217.0105,586388375.0,6.3285137
PLTS Frina Lestari Nusantara,FLN-Painting-KWH-01,2026-04-19,454554.9927,589067875.0,5.7655835
PLTS Frina Lestari Nusantara,FLN-Painting-KWH-01,2026-04-20,455907.9895,591660812.5,5.6749614
PLTS Frina Lestari Nusantara,FLN-Painting-KWH-01,2026-04-21,457263.0005,594478000.0,6.0803975
PLTS Frina Lestari Nusantara,FLN-Painting-KWH-01,2026-04-22,458618.988,596742875.0,4.7230264
PLTS Frina Lestari Nusantara,FLN-Painting-KWH-01,2026-04-23,459947.998,598366125.0,3.2958552
PLTS Frina Lestari Nusantara,FLN-Painting-KWH-01,2026-04-24,461312.9883,600562812.5,4.6614082
PLTS Frina Lestari Nusantara,FLN-Painting-KWH-01,2026-04-25,462712.0056,603216062.5,5.5968467
PLTS Frina Lestari Nusantara,FLN-Painting-KWH-01,2026-04-26,464071.991,605539562.5,5.0160239
PLTS Frina Lestari Nusantara,FLN-Painting-KWH-01,2026-04-27,465371.0022,608390875.0,6.1498105
PLTS Frina Lestari Nusantara,FLN-Painting-KWH-01,2026-04-28,466734.0088,610526937.5,4.5166367
PLTS Frina Lestari Nusantara,FLN-Painting-KWH-01,2026-04-29,468123.9929,612458500.0,4.1236909
PLTS Frina Lestari Nusantara,FLN-Painting-KWH-01,2026-04-30,469433.9905,614468875.0,4.2828984
PLTS Mall Panakkukang,EM-MV(COM3-2),2026-04-01,2116076.75,10582.12,6.948055555555555
PLTS Mall Panakkukang,EM-MV(COM3-2),2026-04-02,2122083.06,10603.94,6.495277777777778
PLTS Mall Panakkukang,EM-MV(COM3-2),2026-04-03,2125787.12,10625.55,4.012222222222222
PLTS Mall Panakkukang,EM-MV(COM3-2),2026-04-04,2130521.1,10647.32,4.861944444444444
PLTS Mall Panakkukang,EM-MV(COM3-2),2026-04-05,2135005.17,10669.53,4.603611111111111
PLTS Mall Panakkukang,EM-MV(COM3-2),2026-04-06,2139316.63,10692.08,4.558055555555556
PLTS Mall Panakkukang,EM-MV(COM3-2),2026-04-07,2143499.57,10714.05,4.301111111111111
PLTS Mall Panakkukang,EM-MV(COM3-2),2026-04-08,2149536.84,10735.96,6.4591666666666665
PLTS Mall Panakkukang,EM-MV(COM3-2),2026-04-09,2155039.85,10757.87,5.885555555555555
PLTS Mall Panakkukang,EM-MV(COM3-2),2026-04-10,2160284.41,10779.89,5.657777777777778
PLTS Mall Panakkukang,EM-MV(COM3-2),2026-04-11,2165694.58,10802.03,5.745555555555556
PLTS Mall Panakkukang,EM-MV(COM3-2),2026-04-12,2171978.23,10823.54,6.780277777777778
PLTS Mall Panakkukang,EM-MV(COM3-2),2026-04-13,2178354.54,10845.08,6.846388888888889
PLTS Mall Panakkukang,EM-MV(COM3-2),2026-04-14,2184913.31,10866.91,7.1225
PLTS Mall Panakkukang,EM-MV(COM3-2),2026-04-15,2191124.38,10889.21,6.689722222222223
PLTS Mall Panakkukang,EM-MV(COM3-2),2026-04-16,2197544.68,10912.3,6.9494444444444445
PLTS Mall Panakkukang,EM-MV(COM3-2),2026-04-17,2204072.81,10934.43,7.150555555555556
PLTS Mall Panakkukang,EM-MV(COM3-2),2026-04-18,2210283.87,10957.11,6.813611111111111
PLTS Mall Panakkukang,EM-MV(COM3-2),2026-04-19,2215828.53,10979.3,5.992222222222222
PLTS Mall Panakkukang,EM-MV(COM3-2),2026-04-20,2221567.11,11001.2,6.195277777777778
PLTS Mall Panakkukang,EM-MV(COM3-2),2026-04-21,2227678.28,11023.73,6.589444444444444
PLTS Mall Panakkukang,EM-MV(COM3-2),2026-04-22,2231573.4,11046.15,4.030277777777778
PLTS Mall Panakkukang,EM-MV(COM3-2),2026-04-23,2236550.92,11068.32,5.31
PLTS Mall Panakkukang,EM-MV(COM3-2),2026-04-24,2242699.5,11090.42,6.6161111111111115
PLTS Mall Panakkukang,EM-MV(COM3-2),2026-04-25,2246416.25,11112.99,3.961666666666667
PLTS Mall Panakkukang,EM-MV(COM3-2),2026-04-27,2253396.68,11157.72,3.0283333333333333
PLTS Mall Panakkukang,EM-MV(COM3-2),2026-04-28,2258179.05,11179.92,5.05
PLTS Mall Panakkukang,EM-MV(COM3-2),2026-04-29,2261018.92,11201.62,2.766388888888889
PLTS Mall Panakkukang,EM-MV(COM3-2),2026-04-30,2266704.41,11223.6,6.010833333333333
PLTS ONGRID PT SUPARMA TBK,SPM-RM-01-WH,2026-04-01,1909998.27,1053.72,7.193888888888889
PLTS ONGRID PT SUPARMA TBK,SPM-RM-01-WH,2026-04-02,1923806.2,1055.55,5.941388888888889
PLTS ONGRID PT SUPARMA TBK,SPM-RM-01-WH,2026-04-03,1938502.43,1057.69,6.3197222222222225
PLTS ONGRID PT SUPARMA TBK,SPM-RM-01-WH,2026-04-04,1950670.32,1059.44,5.105277777777777
PLTS ONGRID PT SUPARMA TBK,SPM-RM-01-WH,2026-04-05,1965488.58,1061.39,6.456666666666667
PLTS ONGRID PT SUPARMA TBK,SPM-RM-01-WH,2026-04-06,1973415.87,1063.39,3.4805555555555556
PLTS ONGRID PT SUPARMA TBK,SPM-RM-01-WH,2026-04-07,1982788.1,1065.4,3.652222222222222
PLTS ONGRID PT SUPARMA TBK,SPM-RM-01-WH,2026-04-08,1992861.23,1067.49,3.9555555555555557
PLTS ONGRID PT SUPARMA TBK,SPM-RM-01-WH,2026-04-09,1998265.82,1069.22,3.1261111111111113
PLTS ONGRID PT SUPARMA TBK,SPM-RM-01-WH,2026-04-10,2006656.8,1071.13,3.2244444444444444
PLTS ONGRID PT SUPARMA TBK,SPM-RM-01-WH,2026-04-11,2018568.08,1073.09,4.867222222222222
PLTS ONGRID PT SUPARMA TBK,SPM-RM-01-WH,2026-04-12,2027145.85,1074.84,3.414722222222222
PLTS ONGRID PT SUPARMA TBK,SPM-RM-01-WH,2026-04-13,2042088.49,1076.67,6.308055555555556
PLTS ONGRID PT SUPARMA TBK,SPM-RM-01-WH,2026-04-14,2057445.76,1078.33,6.530833333333334
PLTS ONGRID PT SUPARMA TBK,SPM-RM-01-WH,2026-04-15,2073384.72,1079.95,6.725555555555555
PLTS ONGRID PT SUPARMA TBK,SPM-RM-01-WH,2026-04-16,2088196.44,1081.67,6.222222222222222
PLTS ONGRID PT SUPARMA TBK,SPM-RM-01-WH,2026-04-17,2103464.52,1082.95,6.336111111111111
PLTS ONGRID PT SUPARMA TBK,SPM-RM-01-WH,2026-04-18,2116342.26,1084.41,5.2325
PLTS ONGRID PT SUPARMA TBK,SPM-RM-01-WH,2026-04-19,2126523.31,1086.3,4.0697222222222225
PLTS ONGRID PT SUPARMA TBK,SPM-RM-01-WH,2026-04-20,2141746.76,1087.95,6.341388888888889
PLTS ONGRID PT SUPARMA TBK,SPM-RM-01-WH,2026-04-21,2151292.99,1089.62,3.806388888888889
PLTS ONGRID PT SUPARMA TBK,SPM-RM-01-WH,2026-04-22,2159096.07,1091.7,2.993055555555556
PLTS ONGRID PT SUPARMA TBK,SPM-RM-01-WH,2026-04-24,2180518.71,1096.17,4.845555555555555
PLTS ONGRID PT SUPARMA TBK,SPM-RM-01-WH,2026-04-25,2194046.72,1098.37,5.571666666666666
PLTS ONGRID PT SUPARMA TBK,SPM-RM-01-WH,2026-04-27,2212119.2,1102.5,2.586388888888889
PLTS ONGRID PT SUPARMA TBK,SPM-RM-01-WH,2026-04-28,2222525.06,1104.42,4.248333333333333
PLTS ONGRID PT SUPARMA TBK,SPM-RM-01-WH,2026-04-29,2233854.26,1106.08,4.516111111111111
PLTS ONGRID PT SUPARMA TBK,SPM-RM-01-WH,2026-04-30,2243554.19,1107.9,3.7288888888888887
PLTS ONGRID PT SUPARMA TBK,SPM-RM-03-PM10,2026-04-01,624333.79,106.64,7.193888888888889
PLTS ONGRID PT SUPARMA TBK,SPM-RM-03-PM10,2026-04-02,627612.19,107.1,5.941388888888889
PLTS ONGRID PT SUPARMA TBK,SPM-RM-03-PM10,2026-04-03,631345.51,107.71,6.3197222222222225
PLTS ONGRID PT SUPARMA TBK,SPM-RM-03-PM10,2026-04-04,634309.4,108.23,5.105277777777777
PLTS ONGRID PT SUPARMA TBK,SPM-RM-03-PM10,2026-04-05,638239.48,108.81,6.456666666666667
PLTS ONGRID PT SUPARMA TBK,SPM-RM-03-PM10,2026-04-06,639868.21,109.39,3.4805555555555556
PLTS ONGRID PT SUPARMA TBK,SPM-RM-03-PM10,2026-04-07,642007.0,110.01,3.652222222222222
PLTS ONGRID PT SUPARMA TBK,SPM-RM-03-PM10,2026-04-08,644402.22,110.67,3.9555555555555557
PLTS ONGRID PT SUPARMA TBK,SPM-RM-03-PM10,2026-04-09,645859.6,111.15,3.1261111111111113
PLTS ONGRID PT SUPARMA TBK,SPM-RM-03-PM10,2026-04-10,647672.37,111.6,3.2244444444444444
PLTS ONGRID PT SUPARMA TBK,SPM-RM-03-PM10,2026-04-11,650531.62,111.97,4.867222222222222
PLTS ONGRID PT SUPARMA TBK,SPM-RM-03-PM10,2026-04-12,652639.23,112.42,3.414722222222222
PLTS ONGRID PT SUPARMA TBK,SPM-RM-03-PM10,2026-04-13,656238.5,112.9,6.308055555555556
PLTS ONGRID PT SUPARMA TBK,SPM-RM-03-PM10,2026-04-14,660096.12,113.37,6.530833333333334
PLTS ONGRID PT SUPARMA TBK,SPM-RM-03-PM10,2026-04-15,664104.89,113.81,6.725555555555555
PLTS ONGRID PT SUPARMA TBK,SPM-RM-03-PM10,2026-04-16,667810.69,114.33,6.222222222222222
PLTS ONGRID PT SUPARMA TBK,SPM-RM-03-PM10,2026-04-17,671590.38,114.79,6.336111111111111
PLTS ONGRID PT SUPARMA TBK,SPM-RM-03-PM10,2026-04-18,674399.84,115.34,5.2325
PLTS ONGRID PT SUPARMA TBK,SPM-RM-03-PM10,2026-04-19,676461.45,115.97,4.0697222222222225
PLTS ONGRID PT SUPARMA TBK,SPM-RM-03-PM10,2026-04-20,680144.51,116.53,6.341388888888889
PLTS ONGRID PT SUPARMA TBK,SPM-RM-03-PM10,2026-04-21,682336.4,117.04,3.806388888888889
PLTS ONGRID PT SUPARMA TBK,SPM-RM-03-PM10,2026-04-24,689501.95,118.6,4.845555555555555
PLTS ONGRID PT SUPARMA TBK,SPM-RM-03-PM10,2026-04-25,692782.63,119.09,5.571666666666666
PLTS ONGRID PT SUPARMA TBK,SPM-RM-03-PM10,2026-04-27,697149.25,120.08,2.586388888888889
PLTS ONGRID PT SUPARMA TBK,SPM-RM-03-PM10,2026-04-28,699458.45,120.74,4.248333333333333
PLTS ONGRID PT SUPARMA TBK,SPM-RM-03-PM10,2026-04-29,702374.89,121.33,4.516111111111111
PLTS ONGRID PT SUPARMA TBK,SPM-RM-03-PM10,2026-04-30,704605.47,121.87,3.7288888888888887
PLTS Rooftop Sumatera Prima Fibreboard,Meter-kWh-01,2026-04-21,371174.0112,347302312.5,5.5745854
PLTS Rooftop Sumatera Prima Fibreboard,Meter-kWh-01,2026-04-27,371174.0112,347302312.5,5.8923813
PLTS Rooftop Sumatera Prima Fibreboard,Meter-kWh-01,2026-04-28,371174.0112,347302312.5,5.966962402
PLTS Rooftop Sumatera Prima Fibreboard,Meter-kWh-01,2026-04-29,371174.0112,347302312.5,5.6593789
PLTS Rooftop Sumatera Prima Fibreboard,Meter-kWh-01,2026-04-30,371174.0112,347302312.5,5.6877559
PLTS Rooftop Sumatera Prima Fibreboard,Meter-kWh-02,2026-04-01,306833.0078,898593125.0,5.0326899
PLTS Rooftop Sumatera Prima Fibreboard,Meter-kWh-02,2026-04-02,307751.0071,904750937.5,5.6554663
PLTS Rooftop Sumatera Prima Fibreboard,Meter-kWh-02,2026-04-03,308829.9866,911304687.5,6.1385874
PLTS Rooftop Sumatera Prima Fibreboard,Meter-kWh-02,2026-04-04,310003.9978,918986437.5,7.2429966
PLTS Rooftop Sumatera Prima Fibreboard,Meter-kWh-02,2026-04-05,311005.0049,923162562.5,3.8133748
PLTS Rooftop Sumatera Prima Fibreboard,Meter-kWh-02,2026-04-06,312135.9863,928569812.5,4.9857461
PLTS Rooftop Sumatera Prima Fibreboard,Meter-kWh-02,2026-04-07,313256.9885,934395125.0,5.364915
PLTS Rooftop Sumatera Prima Fibreboard,Meter-kWh-02,2026-04-08,314954.9866,939211000.0,4.26223
PLTS Rooftop Sumatera Prima Fibreboard,Meter-kWh-02,2026-04-09,315747.9858,944550187.5,4.8596772
PLTS Rooftop Sumatera Prima Fibreboard,Meter-kWh-02,2026-04-13,320131.012,968095812.5,6.5385371
PLTS Rooftop Sumatera Prima Fibreboard,Meter-kWh-02,2026-04-14,321502.9907,972832062.5,4.3095444
PLTS Rooftop Sumatera Prima Fibreboard,Meter-kWh-02,2026-04-15,322580.9937,978999000.0,5.5587192
PLTS Rooftop Sumatera Prima Fibreboard,Meter-kWh-02,2026-04-16,323687.9883,986172375.0,6.7307358
PLTS Rooftop Sumatera Prima Fibreboard,Meter-kWh-02,2026-04-17,325135.9863,993220062.5,6.5072324
PLTS Rooftop Sumatera Prima Fibreboard,Meter-kWh-02,2026-04-19,327855.9875,1006253688.0,6.4677803
PLTS Rooftop Sumatera Prima Fibreboard,Meter-kWh-02,2026-04-20,328653.0151,1012411688.0,5.7330483
PLTS Rooftop Sumatera Prima Fibreboard,Meter-kWh-02,2026-04-21,329593.9941,1018481250.0,5.5745854
PLTS Rooftop Sumatera Prima Fibreboard,Meter-kWh-02,2026-04-22,331338.9893,1024574438.0,5.5609453
PLTS Rooftop Sumatera Prima Fibreboard,Meter-kWh-02,2026-04-23,332493.988,1030019375.0,4.9575859
PLTS Rooftop Sumatera Prima Fibreboard,Meter-kWh-02,2026-04-24,333808.9905,1035287812.0,4.6924385
PLTS Rooftop Sumatera Prima Fibreboard,Meter-kWh-02,2026-04-25,334985.9924,1040402562.0,4.5751387
PLTS Rooftop Sumatera Prima Fibreboard,Meter-kWh-02,2026-04-26,335851.0132,1046870812.0,6.1525181
PLTS Rooftop Sumatera Prima Fibreboard,Meter-kWh-02,2026-04-27,336699.0051,1053029125.0,5.8923813
PLTS Rooftop Sumatera Prima Fibreboard,Meter-kWh-02,2026-04-28,337851.0132,1059399250.0,5.966962402
PLTS Rooftop Sumatera Prima Fibreboard,Meter-kWh-02,2026-04-29,338910.0037,1065272750.0,5.6593789
PLTS Rooftop Sumatera Prima Fibreboard,Meter-kWh-02,2026-04-30,339997.0093,1071287125.0,5.6877559
PT. MMKI 1.75 MWp - Painting Building,Meter-MV,2026-04-01,6685710.54,3669.86,5.585555555555556
PT. MMKI 1.75 MWp - Painting Building,Meter-MV,2026-04-02,6692682.22,3669.86,8.385555555555555
PT. MMKI 1.75 MWp - Painting Building,Meter-MV,2026-04-03,6700267.64,3669.86,6.016944444444444
PT. MMKI 1.75 MWp - Painting Building,Meter-MV,2026-04-04,6704308.18,3669.86,4.735
PT. MMKI 1.75 MWp - Painting Building,Meter-MV,2026-04-05,6710596.83,3669.86,5.099722222222222
PT. MMKI 1.75 MWp - Painting Building,Meter-MV,2026-04-06,6717545.94,3669.86,5.5633333333333335
PT. MMKI 1.75 MWp - Painting Building,Meter-MV,2026-04-07,6724601.52,3669.86,5.431388888888889
PT. MMKI 1.75 MWp - Painting Building,Meter-MV,2026-04-08,6729450.19,3669.86,5.874722222222222
PT. MMKI 1.75 MWp - Painting Building,Meter-MV,2026-04-09,6736334.96,3669.87,5.858333333333333
PT. MMKI 1.75 MWp - Painting Building,Meter-MV,2026-04-10,6742723.45,3670.03,5.151388888888889
PT. MMKI 1.75 MWp - Painting Building,Meter-MV,2026-04-11,6748983.29,3670.03,6.421944444444445
PT. MMKI 1.75 MWp - Painting Building,Meter-MV,2026-04-12,6756435.52,3670.04,7.4255555555555555
PT. MMKI 1.75 MWp - Painting Building,Meter-MV,2026-04-13,6763138.47,3670.16,5.341944444444445
PT. MMKI 1.75 MWp - Painting Building,Meter-MV,2026-04-14,6768216.87,3670.16,5.836388888888889
PT. MMKI 1.75 MWp - Painting Building,Meter-MV,2026-04-15,6775685.93,3670.16,7.267222222222222
PT. MMKI 1.75 MWp - Painting Building,Meter-MV,2026-04-16,6782416.07,3670.16,6.196666666666666
PT. MMKI 1.75 MWp - Painting Building,Meter-MV,2026-04-17,6787512.07,3670.16,4.016111111111111
PT. MMKI 1.75 MWp - Painting Building,Meter-MV,2026-04-18,6794658.05,3670.16,5.720555555555555
PT. MMKI 1.75 MWp - Painting Building,Meter-MV,2026-04-19,6801702.02,3670.19,6.321111111111111
PT. MMKI 1.75 MWp - Painting Building,Meter-MV,2026-04-20,6808415.46,3670.19,6.9255555555555555
PT. MMKI 1.75 MWp - Painting Building,Meter-MV,2026-04-21,6815481.03,3670.19,5.759166666666666
PT. MMKI 1.75 MWp - Painting Building,Meter-MV,2026-04-22,6820531.57,3670.19,3.9972222222222222
PT. MMKI 1.75 MWp - Painting Building,Meter-MV,2026-04-23,6825324.3,3670.19,3.7466666666666666
PT. MMKI 1.75 MWp - Painting Building,Meter-MV,2026-04-25,6837636.97,3670.19,5.290555555555556
PT. MMKI 1.75 MWp - Painting Building,Meter-MV,2026-04-27,6850853.22,3670.19,6.248055555555555
PT. MMKI 1.75 MWp - Painting Building,Meter-MV,2026-04-28,6856532.34,3670.19,4.630277777777778
PT. MMKI 1.75 MWp - Painting Building,Meter-MV,2026-04-29,6860628.04,3670.19,3.356388888888889
PT. MMKI 1.75 MWp - Painting Building,Meter-MV,2026-04-30,6866107.43,3670.19,6.108055555555556
PT. MMKI 4.292 MWP - Phase 3,RM-01-MV-ASSY,2026-04-01,2088287.84,8179.28,
PT. MMKI 4.292 MWP - Phase 3,RM-01-MV-ASSY,2026-04-02,2097010.83,8204.66,
PT. MMKI 4.292 MWP - Phase 3,RM-01-MV-ASSY,2026-04-03,2106594.37,8228.83,
PT. MMKI 4.292 MWP - Phase 3,RM-01-MV-ASSY,2026-04-04,2111778.34,8254.02,
PT. MMKI 4.292 MWP - Phase 3,RM-01-MV-ASSY,2026-04-05,2119683.45,8278.56,
PT. MMKI 4.292 MWP - Phase 3,RM-01-MV-ASSY,2026-04-06,2128391.47,8301.73,
PT. MMKI 4.292 MWP - Phase 3,RM-01-MV-ASSY,2026-04-07,2137210.28,8323.78,
PT. MMKI 4.292 MWP - Phase 3,RM-01-MV-ASSY,2026-04-08,2143200.72,8346.3,
PT. MMKI 4.292 MWP - Phase 3,RM-01-MV-ASSY,2026-04-09,2151699.58,8368.51,
PT. MMKI 4.292 MWP - Phase 3,RM-01-MV-ASSY,2026-04-10,2159491.27,8390.75,
PT. MMKI 4.292 MWP - Phase 3,RM-01-MV-ASSY,2026-04-11,2167332.85,8415.0,
PT. MMKI 4.292 MWP - Phase 3,RM-01-MV-ASSY,2026-04-12,2176625.01,8440.18,
PT. MMKI 4.292 MWP - Phase 3,RM-01-MV-ASSY,2026-04-13,2185186.9,8463.65,
PT. MMKI 4.292 MWP - Phase 3,RM-01-MV-ASSY,2026-04-14,2191346.6,8486.91,
PT. MMKI 4.292 MWP - Phase 3,RM-01-MV-ASSY,2026-04-15,2200635.05,8509.08,
PT. MMKI 4.292 MWP - Phase 3,RM-01-MV-ASSY,2026-04-16,2209084.32,8531.04,
PT. MMKI 4.292 MWP - Phase 3,RM-01-MV-ASSY,2026-04-17,2215532.48,8552.81,
PT. MMKI 4.292 MWP - Phase 3,RM-01-MV-ASSY,2026-04-18,2224555.86,8576.21,
PT. MMKI 4.292 MWP - Phase 3,RM-01-MV-ASSY,2026-04-19,2233475.11,8600.5,
PT. MMKI 4.292 MWP - Phase 3,RM-01-MV-ASSY,2026-04-20,2242118.21,8623.25,
PT. MMKI 4.292 MWP - Phase 3,RM-01-MV-ASSY,2026-04-21,2251035.82,8644.04,
PT. MMKI 4.292 MWP - Phase 3,RM-01-MV-ASSY,2026-04-22,2257362.98,8665.61,
PT. MMKI 4.292 MWP - Phase 3,RM-01-MV-ASSY,2026-04-23,2263450.09,8686.42,
PT. MMKI 4.292 MWP - Phase 3,RM-01-MV-ASSY,2026-04-25,2277411.99,8719.09,
PT. MMKI 4.292 MWP - Phase 3,RM-01-MV-ASSY,2026-04-27,2295023.84,8762.93,
PT. MMKI 4.292 MWP - Phase 3,RM-01-MV-ASSY,2026-04-28,2302532.86,8783.51,
PT. MMKI 4.292 MWP - Phase 3,RM-01-MV-ASSY,2026-04-29,2307912.34,8804.0,
PT. MMKI 4.292 MWP - Phase 3,RM-01-MV-ASSY,2026-04-30,2315138.41,8824.8,
PT. MMKI 4.292 MWP - Phase 3,RM-01-MV-PW,2026-04-01,2282824.96,8757.09,
PT. MMKI 4.292 MWP - Phase 3,RM-01-MV-PW,2026-04-02,2291940.0,8783.15,
PT. MMKI 4.292 MWP - Phase 3,RM-01-MV-PW,2026-04-03,2302323.71,8808.07,
PT. MMKI 4.292 MWP - Phase 3,RM-01-MV-PW,2026-04-04,2308093.97,8833.8,
PT. MMKI 4.292 MWP - Phase 3,RM-01-MV-PW,2026-04-05,2316664.19,8858.91,
PT. MMKI 4.292 MWP - Phase 3,RM-01-MV-PW,2026-04-06,2326072.61,8882.83,
PT. MMKI 4.292 MWP - Phase 3,RM-01-MV-PW,2026-04-07,2335381.29,8905.75,
PT. MMKI 4.292 MWP - Phase 3,RM-01-MV-PW,2026-04-08,2342397.88,8929.02,
PT. MMKI 4.292 MWP - Phase 3,RM-01-MV-PW,2026-04-09,2351775.26,8952.14,
PT. MMKI 4.292 MWP - Phase 3,RM-01-MV-PW,2026-04-10,2360102.37,8975.16,
PT. MMKI 4.292 MWP - Phase 3,RM-01-MV-PW,2026-04-11,2368659.98,9000.0,
PT. MMKI 4.292 MWP - Phase 3,RM-01-MV-PW,2026-04-12,2378642.97,9025.54,
PT. MMKI 4.292 MWP - Phase 3,RM-01-MV-PW,2026-04-13,2388063.98,9049.76,
PT. MMKI 4.292 MWP - Phase 3,RM-01-MV-PW,2026-04-14,2395012.97,9073.68,
PT. MMKI 4.292 MWP - Phase 3,RM-01-MV-PW,2026-04-15,2404925.29,9096.86,
PT. MMKI 4.292 MWP - Phase 3,RM-01-MV-PW,2026-04-16,2414396.61,9119.78,
PT. MMKI 4.292 MWP - Phase 3,RM-01-MV-PW,2026-04-17,2421510.8,9142.55,
PT. MMKI 4.292 MWP - Phase 3,RM-01-MV-PW,2026-04-18,2431531.01,9166.84,
PT. MMKI 4.292 MWP - Phase 3,RM-01-MV-PW,2026-04-19,2441477.23,9191.74,
PT. MMKI 4.292 MWP - Phase 3,RM-01-MV-PW,2026-04-20,2450952.99,9215.38,
PT. MMKI 4.292 MWP - Phase 3,RM-01-MV-PW,2026-04-21,2460893.48,9237.12,
PT. MMKI 4.292 MWP - Phase 3,RM-01-MV-PW,2026-04-22,2467971.26,9259.63,
PT. MMKI 4.292 MWP - Phase 3,RM-01-MV-PW,2026-04-23,2474717.34,9281.45,
PT. MMKI 4.292 MWP - Phase 3,RM-01-MV-PW,2026-04-25,2489982.96,9315.51,
PT. MMKI 4.292 MWP - Phase 3,RM-01-MV-PW,2026-04-27,2508735.62,9360.68,
PT. MMKI 4.292 MWP - Phase 3,RM-01-MV-PW,2026-04-28,2516832.72,9381.77,
PT. MMKI 4.292 MWP - Phase 3,RM-01-MV-PW,2026-04-29,2522720.94,9402.8,
PT. MMKI 4.292 MWP - Phase 3,RM-01-MV-PW,2026-04-30,2530204.73,9424.44,
PT. MMKI 5.7 MWp - Phase 2,EM-MVMDP-PV2,2026-04-01,44885.46,9541195.73,
PT. MMKI 5.7 MWp - Phase 2,EM-MVMDP-PV2,2026-04-02,44958.26,9558342.33,
PT. MMKI 5.7 MWp - Phase 2,EM-MVMDP-PV2,2026-04-03,45026.34,9577168.84,
PT. MMKI 5.7 MWp - Phase 2,EM-MVMDP-PV2,2026-04-04,45097.18,9587473.5,
PT. MMKI 5.7 MWp - Phase 2,EM-MVMDP-PV2,2026-04-05,45166.41,9603049.87,
PT. MMKI 5.7 MWp - Phase 2,EM-MVMDP-PV2,2026-04-06,45231.8,9620179.11,
PT. MMKI 5.7 MWp - Phase 2,EM-MVMDP-PV2,2026-04-07,45294.95,9637386.36,
PT. MMKI 5.7 MWp - Phase 2,EM-MVMDP-PV2,2026-04-08,45359.25,9649312.52,
PT. MMKI 5.7 MWp - Phase 2,EM-MVMDP-PV2,2026-04-09,45422.8,9666295.91,
PT. MMKI 5.7 MWp - Phase 2,EM-MVMDP-PV2,2026-04-10,45485.96,9682065.04,
PT. MMKI 5.7 MWp - Phase 2,EM-MVMDP-PV2,2026-04-11,45554.95,9697565.2,
PT. MMKI 5.7 MWp - Phase 2,EM-MVMDP-PV2,2026-04-12,45626.46,9715830.25,
PT. MMKI 5.7 MWp - Phase 2,EM-MVMDP-PV2,2026-04-13,45692.56,9732836.03,
PT. MMKI 5.7 MWp - Phase 2,EM-MVMDP-PV2,2026-04-14,45759.35,9745190.99,
PT. MMKI 5.7 MWp - Phase 2,EM-MVMDP-PV2,2026-04-15,45822.67,9763462.38,
PT. MMKI 5.7 MWp - Phase 2,EM-MVMDP-PV2,2026-04-16,45885.25,9780102.96,
PT. MMKI 5.7 MWp - Phase 2,EM-MVMDP-PV2,2026-04-17,45947.97,9792827.08,
PT. MMKI 5.7 MWp - Phase 2,EM-MVMDP-PV2,2026-04-18,46015.07,9810705.4,
PT. MMKI 5.7 MWp - Phase 2,EM-MVMDP-PV2,2026-04-19,46083.53,9828340.96,
PT. MMKI 5.7 MWp - Phase 2,EM-MVMDP-PV2,2026-04-20,46147.7,9845398.12,
PT. MMKI 5.7 MWp - Phase 2,EM-MVMDP-PV2,2026-04-21,46206.66,9863039.25,
PT. MMKI 5.7 MWp - Phase 2,EM-MVMDP-PV2,2026-04-22,46267.92,9875791.18,
PT. MMKI 5.7 MWp - Phase 2,EM-MVMDP-PV2,2026-04-23,46327.11,9887934.37,
PT. MMKI 5.7 MWp - Phase 2,EM-MVMDP-PV2,2026-04-25,46440.88,9919077.19,
PT. MMKI 5.7 MWp - Phase 2,EM-MVMDP-PV2,2026-04-27,46567.03,9952997.36,
PT. MMKI 5.7 MWp - Phase 2,EM-MVMDP-PV2,2026-04-28,46625.64,9967592.67,
PT. MMKI 5.7 MWp - Phase 2,EM-MVMDP-PV2,2026-04-29,46683.55,9978113.84,
PT. MMKI 5.7 MWp - Phase 2,EM-MVMDP-PV2,2026-04-30,46743.46,9991904.57,
PT. MMKI 5.7 MWp - Phase 2,EM-MVMDP-PV3,2026-04-01,3319779.3,16561.08,
PT. MMKI 5.7 MWp - Phase 2,EM-MVMDP-PV3,2026-04-02,3325715.29,16588.89,
PT. MMKI 5.7 MWp - Phase 2,EM-MVMDP-PV3,2026-04-03,3332219.0,16614.81,
PT. MMKI 5.7 MWp - Phase 2,EM-MVMDP-PV3,2026-04-04,3335728.15,16641.57,
PT. MMKI 5.7 MWp - Phase 2,EM-MVMDP-PV3,2026-04-05,3341132.2,16667.78,
PT. MMKI 5.7 MWp - Phase 2,EM-MVMDP-PV3,2026-04-06,3347100.86,16692.91,
PT. MMKI 5.7 MWp - Phase 2,EM-MVMDP-PV3,2026-04-07,3353061.93,16717.14,
PT. MMKI 5.7 MWp - Phase 2,EM-MVMDP-PV3,2026-04-08,3357422.7,16741.64,
PT. MMKI 5.7 MWp - Phase 2,EM-MVMDP-PV3,2026-04-09,3363307.06,16766.05,
PT. MMKI 5.7 MWp - Phase 2,EM-MVMDP-PV3,2026-04-10,3368789.3,16790.21,
PT. MMKI 5.7 MWp - Phase 2,EM-MVMDP-PV3,2026-04-11,3374060.82,16816.31,
PT. MMKI 5.7 MWp - Phase 2,EM-MVMDP-PV3,2026-04-12,3380401.15,16843.11,
PT. MMKI 5.7 MWp - Phase 2,EM-MVMDP-PV3,2026-04-13,3386267.83,16868.4,
PT. MMKI 5.7 MWp - Phase 2,EM-MVMDP-PV3,2026-04-14,3390684.46,16893.86,
PT. MMKI 5.7 MWp - Phase 2,EM-MVMDP-PV3,2026-04-15,3397147.12,16918.05,
PT. MMKI 5.7 MWp - Phase 2,EM-MVMDP-PV3,2026-04-16,3403182.58,16942.08,
PT. MMKI 5.7 MWp - Phase 2,EM-MVMDP-PV3,2026-04-17,3407624.32,16966.12,
PT. MMKI 5.7 MWp - Phase 2,EM-MVMDP-PV3,2026-04-18,3414048.39,16991.47,
PT. MMKI 5.7 MWp - Phase 2,EM-MVMDP-PV3,2026-04-19,3420347.24,17017.35,
PT. MMKI 5.7 MWp - Phase 2,EM-MVMDP-PV3,2026-04-20,3426336.67,17041.86,
PT. MMKI 5.7 MWp - Phase 2,EM-MVMDP-PV3,2026-04-21,3432629.62,17064.4,
PT. MMKI 5.7 MWp - Phase 2,EM-MVMDP-PV3,2026-04-22,3437077.42,17087.82,
PT. MMKI 5.7 MWp - Phase 2,EM-MVMDP-PV3,2026-04-23,3441340.83,17110.71,
PT. MMKI 5.7 MWp - Phase 2,EM-MVMDP-PV3,2026-04-25,3452255.72,17153.93,
PT. MMKI 5.7 MWp - Phase 2,EM-MVMDP-PV3,2026-04-27,3464128.6,17201.64,
PT. MMKI 5.7 MWp - Phase 2,EM-MVMDP-PV3,2026-04-28,3469203.07,17223.81,
PT. MMKI 5.7 MWp - Phase 2,EM-MVMDP-PV3,2026-04-29,3472844.16,17246.63,
PT. MMKI 5.7 MWp - Phase 2,EM-MVMDP-PV3,2026-04-30,3477661.93,17269.61,
PT. Pusan Manis Mulia 2.06 MWp - Tangerang,RM-01-IEM3255-1,2026-04-01,2120961.12,295.95,5.219444444444444
PT. Pusan Manis Mulia 2.06 MWp - Tangerang,RM-01-IEM3255-1,2026-04-02,2125228.13,296.47,4.210277777777778
PT. Pusan Manis Mulia 2.06 MWp - Tangerang,RM-01-IEM3255-1,2026-04-03,2130533.96,297.18,5.339166666666666
PT. Pusan Manis Mulia 2.06 MWp - Tangerang,RM-01-IEM3255-1,2026-04-04,2133922.84,297.74,3.2733333333333334
PT. Pusan Manis Mulia 2.06 MWp - Tangerang,RM-01-IEM3255-1,2026-04-05,2137656.87,298.25,3.5452777777777778
PT. Pusan Manis Mulia 2.06 MWp - Tangerang,RM-01-IEM3255-1,2026-04-06,2142053.02,298.71,4.443888888888889
PT. Pusan Manis Mulia 2.06 MWp - Tangerang,RM-01-IEM3255-1,2026-04-07,2145609.42,299.2,3.4055555555555554
PT. Pusan Manis Mulia 2.06 MWp - Tangerang,RM-01-IEM3255-1,2026-04-08,2149602.55,299.7,3.6191666666666666
PT. Pusan Manis Mulia 2.06 MWp - Tangerang,RM-01-IEM3255-1,2026-04-09,2154778.11,300.19,5.1066666666666665
PT. Pusan Manis Mulia 2.06 MWp - Tangerang,RM-01-IEM3255-1,2026-04-10,2159778.11,300.69,4.893888888888889
PT. Pusan Manis Mulia 2.06 MWp - Tangerang,RM-01-IEM3255-1,2026-04-11,2164845.32,301.19,5.038055555555555
PT. Pusan Manis Mulia 2.06 MWp - Tangerang,RM-01-IEM3255-1,2026-04-13,2174490.14,302.46,3.629166666666667
PT. Pusan Manis Mulia 2.06 MWp - Tangerang,RM-01-IEM3255-1,2026-04-14,2177867.48,303.03,3.3644444444444446
PT. Pusan Manis Mulia 2.06 MWp - Tangerang,RM-01-IEM3255-1,2026-04-15,2181939.16,303.61,4.259444444444444
PT. Pusan Manis Mulia 2.06 MWp - Tangerang,RM-01-IEM3255-1,2026-04-16,2184636.32,304.13,2.767777777777778
PT. Pusan Manis Mulia 2.06 MWp - Tangerang,RM-01-IEM3255-1,2026-04-17,2188518.63,304.76,4.072222222222222
PT. Pusan Manis Mulia 2.06 MWp - Tangerang,RM-01-IEM3255-1,2026-04-18,2193017.53,305.35,4.8133333333333335
PT. Pusan Manis Mulia 2.06 MWp - Tangerang,RM-01-IEM3255-1,2026-04-19,2196593.41,305.85,3.783333333333333
PT. Pusan Manis Mulia 2.06 MWp - Tangerang,RM-01-IEM3255-1,2026-04-20,2201477.96,306.83,5.2575
PT. Pusan Manis Mulia 2.06 MWp - Tangerang,RM-01-IEM3255-1,2026-04-21,2205521.75,307.36,4.286388888888889
PT. Pusan Manis Mulia 2.06 MWp - Tangerang,RM-01-IEM3255-1,2026-04-22,2210652.59,308.65,5.533888888888889
PT. Pusan Manis Mulia 2.06 MWp - Tangerang,RM-01-IEM3255-1,2026-04-23,2214828.79,309.21,4.286666666666667
PT. Pusan Manis Mulia 2.06 MWp - Tangerang,RM-01-IEM3255-1,2026-04-24,2219133.5,309.71,4.536944444444444
PT. Pusan Manis Mulia 2.06 MWp - Tangerang,RM-01-IEM3255-1,2026-04-25,2224143.42,311.0,5.251666666666667
PT. Pusan Manis Mulia 2.06 MWp - Tangerang,RM-01-IEM3255-1,2026-04-27,2233877.48,312.45,5.329722222222222
PT. Pusan Manis Mulia 2.06 MWp - Tangerang,RM-01-IEM3255-1,2026-04-28,2237435.05,312.95,3.648888888888889
PT. Pusan Manis Mulia 2.06 MWp - Tangerang,RM-01-IEM3255-1,2026-04-29,2241326.01,313.48,4.016944444444444
PT. Pusan Manis Mulia 2.06 MWp - Tangerang,RM-01-IEM3255-1,2026-04-30,2244467.89,314.05,3.2177777777777776
PT. Pusan Manis Mulia 2.06 MWp - Tangerang,RM-01-IEM3255-2,2026-04-01,1179632.01,64.1,5.219444444444444
PT. Pusan Manis Mulia 2.06 MWp - Tangerang,RM-01-IEM3255-2,2026-04-02,1182100.44,64.23,4.210277777777778
PT. Pusan Manis Mulia 2.06 MWp - Tangerang,RM-01-IEM3255-2,2026-04-03,1185125.57,64.36,5.339166666666666
PT. Pusan Manis Mulia 2.06 MWp - Tangerang,RM-01-IEM3255-2,2026-04-04,1187056.61,64.52,3.2733333333333334
PT. Pusan Manis Mulia 2.06 MWp - Tangerang,RM-01-IEM3255-2,2026-04-05,1189179.97,64.63,3.5452777777777778
PT. Pusan Manis Mulia 2.06 MWp - Tangerang,RM-01-IEM3255-2,2026-04-06,1191700.84,64.76,4.443888888888889
PT. Pusan Manis Mulia 2.06 MWp - Tangerang,RM-01-IEM3255-2,2026-04-07,1193696.39,64.89,3.4055555555555554
PT. Pusan Manis Mulia 2.06 MWp - Tangerang,RM-01-IEM3255-2,2026-04-08,1195960.71,65.01,3.6191666666666666
PT. Pusan Manis Mulia 2.06 MWp - Tangerang,RM-01-IEM3255-2,2026-04-09,1198880.41,65.13,5.1066666666666665
PT. Pusan Manis Mulia 2.06 MWp - Tangerang,RM-01-IEM3255-2,2026-04-10,1201729.89,65.24,4.893888888888889
PT. Pusan Manis Mulia 2.06 MWp - Tangerang,RM-01-IEM3255-2,2026-04-11,1204623.08,65.38,5.038055555555555
PT. Pusan Manis Mulia 2.06 MWp - Tangerang,RM-01-IEM3255-2,2026-04-12,1207952.09,65.5,6.148055555555556
PT. Pusan Manis Mulia 2.06 MWp - Tangerang,RM-01-IEM3255-2,2026-04-13,1210091.99,65.61,3.629166666666667
PT. Pusan Manis Mulia 2.06 MWp - Tangerang,RM-01-IEM3255-2,2026-04-14,1212003.9,65.75,3.3644444444444446
PT. Pusan Manis Mulia 2.06 MWp - Tangerang,RM-01-IEM3255-2,2026-04-15,1214383.83,65.89,4.259444444444444
PT. Pusan Manis Mulia 2.06 MWp - Tangerang,RM-01-IEM3255-2,2026-04-16,1215927.15,66.01,2.767777777777778
PT. Pusan Manis Mulia 2.06 MWp - Tangerang,RM-01-IEM3255-2,2026-04-17,1218189.23,66.14,4.072222222222222
PT. Pusan Manis Mulia 2.06 MWp - Tangerang,RM-01-IEM3255-2,2026-04-18,1220813.87,66.27,4.8133333333333335
PT. Pusan Manis Mulia 2.06 MWp - Tangerang,RM-01-IEM3255-2,2026-04-19,1222915.52,66.4,3.783333333333333
PT. Pusan Manis Mulia 2.06 MWp - Tangerang,RM-01-IEM3255-2,2026-04-20,1225780.46,66.52,5.2575
PT. Pusan Manis Mulia 2.06 MWp - Tangerang,RM-01-IEM3255-2,2026-04-21,1228166.78,66.65,4.286388888888889
PT. Pusan Manis Mulia 2.06 MWp - Tangerang,RM-01-IEM3255-2,2026-04-22,1231173.75,66.77,5.533888888888889
PT. Pusan Manis Mulia 2.06 MWp - Tangerang,RM-01-IEM3255-2,2026-04-23,1233559.19,66.87,4.286666666666667
PT. Pusan Manis Mulia 2.06 MWp - Tangerang,RM-01-IEM3255-2,2026-04-24,1236021.8,66.96,4.536944444444444
PT. Pusan Manis Mulia 2.06 MWp - Tangerang,RM-01-IEM3255-2,2026-04-25,1238856.51,67.07,5.251666666666667
PT. Pusan Manis Mulia 2.06 MWp - Tangerang,RM-01-IEM3255-2,2026-04-27,1244462.4,67.26,5.329722222222222
PT. Pusan Manis Mulia 2.06 MWp - Tangerang,RM-01-IEM3255-2,2026-04-28,1246472.6,67.4,3.648888888888889
PT. Pusan Manis Mulia 2.06 MWp - Tangerang,RM-01-IEM3255-2,2026-04-29,1248690.57,67.53,4.016944444444444
PT. Pusan Manis Mulia 2.06 MWp - Tangerang,RM-01-IEM3255-2,2026-04-30,1250448.74,67.68,3.2177777777777776
Shoetown Ligung Indonesia,SLI-RM-01-A,2026-04-01,967533.9966,1597351375.0,5.5640674
Shoetown Ligung Indonesia,SLI-RM-01-A,2026-04-02,969497.0093,1600316500.0,4.0406167
Shoetown Ligung Indonesia,SLI-RM-01-A,2026-04-03,971460.9985,1605145250.0,6.2900474
Shoetown Ligung Indonesia,SLI-RM-01-A,2026-04-04,973476.0132,1608860375.0,4.9839395
Shoetown Ligung Indonesia,SLI-RM-01-A,2026-04-05,975393.0054,1613646375.0,6.2542065
Shoetown Ligung Indonesia,SLI-RM-01-A,2026-04-06,977294.9829,1617829250.0,6.2315181
Shoetown Ligung Indonesia,SLI-RM-01-A,2026-04-07,979114.0137,1622293375.0,5.8171255
Shoetown Ligung Indonesia,SLI-RM-01-A,2026-04-08,981052.9785,1625189250.0,4.0175681
Shoetown Ligung Indonesia,SLI-RM-01-A,2026-04-09,983057.9834,1628544000.0,4.4985718
Shoetown Ligung Indonesia,SLI-RM-01-A,2026-04-10,985301.0254,1632308000.0,4.7535986
Shoetown Ligung Indonesia,SLI-RM-01-A,2026-04-11,987528.0151,1636379875.0,5.2624087
Shoetown Ligung Indonesia,SLI-RM-01-A,2026-04-12,989544.9829,1640608750.0,5.8908062
Shoetown Ligung Indonesia,SLI-RM-01-A,2026-04-13,991502.9907,1644634500.0,5.3204712
Shoetown Ligung Indonesia,SLI-RM-01-A,2026-04-14,993484.9854,1647940250.0,4.4522983
Shoetown Ligung Indonesia,SLI-RM-01-A,2026-04-15,995450.9888,1651015625.0,3.9793318
Shoetown Ligung Indonesia,SLI-RM-01-A,2026-04-16,997328.9795,1655246000.0,5.7447725
Shoetown Ligung Indonesia,SLI-RM-01-A,2026-04-17,999265.9912,1659451000.0,5.7252935
Shoetown Ligung Indonesia,SLI-RM-01-A,2026-04-19,1003179.993,1666952375.0,5.7220327
Shoetown Ligung Indonesia,SLI-RM-01-A,2026-04-20,1004981.995,1671296750.0,6.0647974
Shoetown Ligung Indonesia,SLI-RM-01-A,2026-04-21,1006715.027,1675400250.0,5.786062
Shoetown Ligung Indonesia,SLI-RM-01-A,2026-04-22,1008791.016,1677500125.0,2.7630295
Shoetown Ligung Indonesia,SLI-RM-01-A,2026-04-23,1010681.03,1681285875.0,5.2513394
Shoetown Ligung Indonesia,SLI-RM-01-A,2026-04-24,1012577.026,1684218375.0,3.8767805
Shoetown Ligung Indonesia,SLI-RM-01-A,2026-04-25,1014448.975,1688415750.0,5.9369961
Shoetown Ligung Indonesia,SLI-RM-01-A,2026-04-26,1016351.99,1692265375.0,5.6330225
Shoetown Ligung Indonesia,SLI-RM-01-A,2026-04-27,1018265.991,1695950500.0,5.2415542
Shoetown Ligung Indonesia,SLI-RM-01-A,2026-04-28,1020349.976,1698476750.0,3.5162278
Shoetown Ligung Indonesia,SLI-RM-01-A,2026-04-29,1022161.987,1702564250.0,5.8883442
Shoetown Ligung Indonesia,SLI-RM-01-A,2026-04-30,1024168.945,1706477625.0,5.6175229
Shoetown Ligung Indonesia,SLI-RM-01-F,2026-04-01,1186630.005,2978032250.0,5.5640674
Shoetown Ligung Indonesia,SLI-RM-01-F,2026-04-02,1189279.053,2983791000.0,4.0406167
Shoetown Ligung Indonesia,SLI-RM-01-F,2026-04-03,1191748.047,2992761250.0,6.2900474
Shoetown Ligung Indonesia,SLI-RM-01-F,2026-04-04,1194078.979,2999901500.0,4.9839395
Shoetown Ligung Indonesia,SLI-RM-01-F,2026-04-05,1196444.946,3008830250.0,6.2542065
Shoetown Ligung Indonesia,SLI-RM-01-F,2026-04-06,1198755.981,3017302500.0,6.2315181
Shoetown Ligung Indonesia,SLI-RM-01-F,2026-04-07,1201102.051,3025407750.0,5.8171255
Shoetown Ligung Indonesia,SLI-RM-01-F,2026-04-08,1203644.043,3030907750.0,4.0175681
Shoetown Ligung Indonesia,SLI-RM-01-F,2026-04-09,1206057.007,3037367500.0,4.4985718
Shoetown Ligung Indonesia,SLI-RM-01-F,2026-04-10,1209370.972,3044232750.0,4.7535986
Shoetown Ligung Indonesia,SLI-RM-01-F,2026-04-11,1212156.006,3051455750.0,5.2624087
Shoetown Ligung Indonesia,SLI-RM-01-F,2026-04-12,1214718.018,3059262250.0,5.8908062
Shoetown Ligung Indonesia,SLI-RM-01-F,2026-04-13,1217182.983,3066591250.0,5.3204712
Shoetown Ligung Indonesia,SLI-RM-01-F,2026-04-14,1219666.992,3072587500.0,4.4522983
Shoetown Ligung Indonesia,SLI-RM-01-F,2026-04-15,1222328.003,3078284750.0,3.9793318
Shoetown Ligung Indonesia,SLI-RM-01-F,2026-04-16,1224790.039,3086161500.0,5.7447725
Shoetown Ligung Indonesia,SLI-RM-01-F,2026-04-17,1227004.028,3093936500.0,5.7252935
Shoetown Ligung Indonesia,SLI-RM-01-F,2026-04-19,1231536.987,3108241500.0,5.7220327
Shoetown Ligung Indonesia,SLI-RM-01-F,2026-04-20,1233770.02,3116309250.0,6.0647974
Shoetown Ligung Indonesia,SLI-RM-01-F,2026-04-21,1235847.046,3123930250.0,5.786062
Shoetown Ligung Indonesia,SLI-RM-01-F,2026-04-22,1237983.032,3127794250.0,2.7630295
Shoetown Ligung Indonesia,SLI-RM-01-F,2026-04-23,1240282.959,3134598750.0,5.2513394
Shoetown Ligung Indonesia,SLI-RM-01-F,2026-04-24,1242484.009,3139862750.0,3.8767805
Shoetown Ligung Indonesia,SLI-RM-01-F,2026-04-25,1244703.003,3147613000.0,5.9369961
Shoetown Ligung Indonesia,SLI-RM-01-F,2026-04-26,1246775.024,3154663750.0,5.6330225
Shoetown Ligung Indonesia,SLI-RM-01-F,2026-04-27,1248709.961,3161481750.0,5.2415542
Shoetown Ligung Indonesia,SLI-RM-01-F,2026-04-28,1250807.983,3166195250.0,3.5162278
Shoetown Ligung Indonesia,SLI-RM-01-F,2026-04-29,1253135.986,3173865750.0,5.8883442
Shoetown Ligung Indonesia,SLI-RM-01-F,2026-04-30,1255546.021,3181143750.0,5.6175229
